Omadeas Classifier Service v2 — Field Inventory,,,,,,,,,,,,,,,,,,,,,,,,,,,,,,,,,,,,,,,,,,,,,,,,,,,,,,,,,,,,,
Field-level schema for the 10 classifier framework entities. Columns match the convention from ProjectOps_-_art_3_0_-_Data_Modelv2_updated.xlsx (62 cols). Use <module> as prefix placeholder.,,,,,,,,,,,,,,,,,,,,,,,,,,,,,,,,,,,,,,,,,,,,,,,,,,,,,,,,,,,,,
A · IDENTITY & TAXONOMY,,,,,,,,,,,,B · FIELD DEFINITION,,,,,,,,,,,,,,,C · SAMPLE DATA & EXPLANATION,,,,,,,,,,D · DESIGN & DEVELOPMENT,,,,F · SECURITY & GOVERNANCE,,,,,,,,,,,G · SEED DATA INSTRUCTIONS,,,,,,,,,H · MAP
source,phase,design_status,model_version,realm,microservice,category,sub_category,type,unique_field_ref,entity,entity_fields,data_type,length,"is_primary_key
(multiple for composite)",is_unique,is_nullable,fk_reference,check_constraints,index_name,unique_cns_1,unique_cns_2,unique_cns_3,unique_cns_4,unique_cns_5,default_value,data_limited_to,sample_data,"data from
classifier","classifier
values",composite_key,explanation,relationship_explanation,design_rationale,"calculated
(yes/no)",calculation,calculation_triggers,outstanding_design_questions,development_instructions,"example_records_configurations
at_entity_level","application_validations
(for the front end)",data_category,pii_type,obligation_mapping,lawful_bases,special_conditions,default_trust,sensitivity,masking,breach_impact,retention_policy,"requires_special
condition","microservice
(seed instructions)","entities
(policies)","entity_security
config","entity_trust_upgrade
trigger_relation","entity_verification
methods_relation","fields
(policies)","fields_policies
lawful_bases","fields_policies
special_conditions","fields_policies
organisation_specific",entity_map #
?  DEFINITION LAYER — what classifiers exist,,,,,,,,,,,,,,,,,,,,,,,,,,,,,,,,,,,,,,,,,,,,,,,,,,,,,,,,,,,,,
framework_v1,P0,DRAFT,framework v1,<module>,<module>,Classifier,Classifier Registry,entity,<module>.classifier,classifier,classifier,,,,,,,,,,,,,,,tenant-scoped,,,,,Configurable structured business labels. Platform baseline + tenant extensions. 13 native fields. Source flag distinguishes platform from tenant. applies_to_node_types scopes the classifier to specific anchor types.,,,No,,,,,,,operational,,,,,40,CONFIDENTIAL,MASK_FULL,HIGH,,,Y,Y,Y,,,Y,,,,1
framework_v1,P0,DRAFT,framework v1,<module>,<module>,Classifier,Classifier Registry,entity.field,<module>.classifier.id,classifier,id,UUIDv4,,Yes,Yes,No,,,,,,,,,gen_random_uuid(),tenant-scoped,cls-uuid-0001,,,,Primary key.,"Referenced as FK by classifier_value, classifier_value_policy, classifier_value_constraint (source/target), classifier_profile_member, node_classifier_assignment, node_classifier_assignment_history.","UUIDv4 PK decouples identity from code string, supporting code renames without cascading FK updates.",No,,,,"PK, NOT NULL, DEFAULT gen_random_uuid(). Never expose raw PK in API — use code field.",,Read-only. Auto-generated. Never editable.,operational,,,,,40,INTERNAL,UNMASKED,LOW,,,,,,,,Y,,,,1
framework_v1,P0,DRAFT,framework v1,<module>,<module>,Classifier,Classifier Registry,entity.field,<module>.classifier.company_id,classifier,company_id,UUIDv4,,No,No,No,company.company.id,,idx_classifier_company,,,,,,,tenant-scoped,00000000-0000-0000-0000-000000000001 (PLATFORM) or c0mp-uuid-0001 (tenant),,,,Tenant scoping. Platform-seeded classifiers use the reserved PLATFORM_TENANT_ID; tenant-defined classifiers use the tenant's company_id.,FK to company.company.id. Platform rows use reserved UUID. Tenant rows use real tenant ID.,Single column for platform/tenant ownership. Avoids NULLable FK; the reserved platform-tenant ID acts as a real row enabling clean RLS predicates.,No,,,,FK to company.company.id. NOT NULL. Index for tenant-scoped queries. Reserved PLATFORM_TENANT_ID=00000000-0000-0000-0000-000000000001 for platform classifiers.,,System-set on record creation. Never user-editable.,operational,,,,,40,INTERNAL,UNMASKED,LOW,,,,,,,,Y,,,,1
framework_v1,P0,DRAFT,framework v1,<module>,<module>,Classifier,Classifier Registry,entity.field,<module>.classifier.source,classifier,source,VARCHAR,20,No,No,No,,"CHECK (source IN ('platform','tenant'))",,,,,,,,tenant-scoped,platform,,,,Explicit flag distinguishing platform-seeded classifiers from tenant-defined ones. Drives UI badging and write-protection.,No FK. Application uses this field to gate edit/delete operations: tenants cannot modify rows where source='platform'.,Denormalised flag alongside company_id. Avoids round-trip to determine ownership; enables fast filtering ('show only platform classifiers').,No,,,,"NOT NULL. CHECK IN ('platform','tenant'). Future values reserved: 'industry', 'partner'.",,Read-only after creation. Set via seeding workflow or tenant CREATE.,operational,,,,,40,INTERNAL,UNMASKED,LOW,,,,,,,,Y,,,,1
framework_v1,P0,DRAFT,framework v1,<module>,<module>,Classifier,Classifier Registry,entity.field,<module>.classifier.code,classifier,code,VARCHAR,50,No,Yes,No,,,,"UNIQUE(company_id, code)",,,,,,tenant-scoped,PRIORITY,,,,Machine-readable code. Stable identifier referenced by application logic.,No FK. Used as the natural key in seed scripts and config.,UPPER_SNAKE_CASE convention. Stable across renames of `name`. UNIQUE per tenant (platform-seeded codes use the platform-tenant company_id).,No,,,,"NOT NULL. UPPER_SNAKE_CASE. UNIQUE(company_id, code). Max 50.",,Read-only after creation. Validated against pattern ^[A-Z][A-Z0-9_]+$.,operational,,,,,40,INTERNAL,UNMASKED,LOW,,,,,,,,Y,,,,1
framework_v1,P0,DRAFT,framework v1,<module>,<module>,Classifier,Classifier Registry,entity.field,<module>.classifier.name,classifier,name,VARCHAR,100,No,No,No,,,,,,,,,,tenant-scoped,Priority,,,,Display label. User-facing name shown in UI.,No FK. Display only.,Separate from `code` to allow renaming of display label without changing the machine code or breaking FK references.,No,,,,NOT NULL. Max 100. Editable by admins.,,Required. Max 100. Sentence case display name.,operational,,,,,40,INTERNAL,UNMASKED,LOW,,,,,,,,Y,,,,1
framework_v1,P0,DRAFT,framework v1,<module>,<module>,Classifier,Classifier Registry,entity.field,<module>.classifier.description,classifier,description,TEXT,500,No,No,Yes,,,,,,,,,,tenant-scoped,"Node priority. Drives visual indicators, sorting, and reporting.",,,,Optional longer description shown in the classifier popup beneath the name.,No FK.,Provides context that the short name cannot. Surfaced in UI tooltips and the assignment modal.,No,,,,NULL allowed. Max 500 chars.,,Optional. Plain text.,operational,,,,,40,INTERNAL,UNMASKED,LOW,,,,,,,,Y,,,,1
framework_v1,P0,DRAFT,framework v1,<module>,<module>,Classifier,Classifier Registry,entity.field,<module>.classifier.order,classifier,order,INTEGER,,No,No,No,,,,,,,,,100,tenant-scoped,10,,,,Sort order in the Available classifiers list.,No FK. Read by application for ORDER BY.,Manual ordering rather than alphabetical lets admins surface the most-used classifiers first.,No,,,,NOT NULL DEFAULT 100. Lower = earlier in list. Recommended steps of 10 to allow inserts.,,Integer input. Default 100.,operational,,,,,40,INTERNAL,UNMASKED,LOW,,,,,,,,Y,,,,1
framework_v1,P0,DRAFT,framework v1,<module>,<module>,Classifier,Classifier Registry,entity.field,<module>.classifier.applies_to_node_types,classifier,applies_to_node_types,JSONB,,No,No,Yes,,,,,,,,,NULL,tenant-scoped,"[""RISK""] or [""TASK"",""STORY"",""BUG""] or NULL",,,,Array of node anchor type codes this classifier applies to. NULL or [] means the classifier applies to any node type.,Soft reference to node_anchor.code values. Not a FK array — JSONB for flexible matching.,"Avoids a separate junction table for what is typically a small list. If GIN-index performance becomes inadequate at scale, migrate to a join table.",No,,,,JSONB array of strings. NULL or empty array = applies to any. Validated against node_anchor codes at admin write time.,,Multi-select picker of anchor types. NULL/empty defaults to 'any'.,operational,,,,,40,INTERNAL,UNMASKED,LOW,,,,,,,,Y,,,,1
framework_v1,P0,DRAFT,framework v1,<module>,<module>,Classifier,Classifier Registry,entity.field,<module>.classifier.is_active,classifier,is_active,BOOLEAN,,No,No,No,,,,,,,,,TRUE,tenant-scoped,TRUE,,,,Soft-retire flag. Inactive classifiers are hidden from new assignment but remain readable for historical assignments.,No FK. Read by application filters.,"Soft-delete rather than hard-delete. Classifiers cannot be hard-deleted in v1 — would orphan values, assignments, and history.",No,,,,NOT NULL DEFAULT TRUE. Admin toggle.,,Admin-only toggle. Inactive classifiers hidden from selection UI.,operational,,,,,40,INTERNAL,UNMASKED,LOW,,,,,,,,Y,,,,1
framework_v1,P0,DRAFT,framework v1,<module>,<module>,Classifier,Classifier Registry,entity.field,<module>.classifier.created_at,classifier,created_at,TIMESTAMPTZ,,No,No,No,,,,,,,,,now(),tenant-scoped,2026-01-15T09:00:00Z,,,,Creation timestamp.,Denormalised from audit_events.,Denormalised audit timestamp. Authoritative source is audit_events.,Yes,Set to now() on INSERT.,Record creation.,,NOT NULL DEFAULT now(). Immutable after creation.,,Read-only. Displayed as creation date.,operational,,,,,40,INTERNAL,UNMASKED,LOW,,,,,,,,Y,,,,1
framework_v1,P0,DRAFT,framework v1,<module>,<module>,Classifier,Classifier Registry,entity.field,<module>.classifier.created_by,classifier,created_by,UUIDv4,,No,No,Yes,authentication.principals.id,,,,,,,,,tenant-scoped,pr_system_001,,,,Creator principal.,FK to authentication.principals.id. SYSTEM principal for seed rows.,Denormalised audit principal. Nullable for bootstrap/seed rows.,Yes,Set to acting principal_id on INSERT.,Record creation.,,FK to authentication.principals.id. NULL allowed for bootstrap rows. Immutable.,,Read-only. Displayed as 'Created by' with principal display_name.,operational,,,,,40,INTERNAL,UNMASKED,LOW,,,,,,,,Y,,,,1
framework_v1,P0,DRAFT,framework v1,<module>,<module>,Classifier,Classifier Registry,entity.field,<module>.classifier.updated_at,classifier,updated_at,TIMESTAMPTZ,,No,No,Yes,,,,,,,,,,tenant-scoped,2026-03-10T14:30:00Z,,,,Last modified.,Denormalised from audit_events.,Denormalised audit timestamp. NULL on initial creation.,Yes,Set to now() on every UPDATE.,Any record modification.,,NULL allowed. Set via trigger or application on UPDATE.,,Read-only. Displayed as 'Last modified'.,operational,,,,,40,INTERNAL,UNMASKED,LOW,,,,,,,,Y,,,,1
framework_v1,P0,DRAFT,framework v1,<module>,<module>,Classifier,Classifier Registry,entity.field,<module>.classifier.updated_by,classifier,updated_by,UUIDv4,,No,No,Yes,authentication.principals.id,,,,,,,,,tenant-scoped,pr_admin_001,,,,Last modifier.,FK to authentication.principals.id. May be SYSTEM or admin.,Denormalised audit principal. NULL when no update has occurred.,Yes,Set to acting principal_id on every UPDATE.,Any record modification.,,FK to authentication.principals.id. NULL allowed. Set on UPDATE.,,Read-only. Displayed as 'Modified by' with principal display_name.,operational,,,,,40,INTERNAL,UNMASKED,LOW,,,,,,,,Y,,,,1
framework_v1,P0,DRAFT,framework v1,<module>,<module>,Classifier,Values,entity,<module>.classifier_value,classifier_value,classifier_value,,,,,,,,,,,,,,,tenant-scoped,,,,,Allowed values per classifier. Supports flat or hierarchical via parent_value_id self-FK. 14 native fields including colour and icon for UI display.,,,No,,,,,,,operational,,,,,40,CONFIDENTIAL,MASK_FULL,HIGH,,,Y,Y,Y,,,Y,,,,2
framework_v1,P0,DRAFT,framework v1,<module>,<module>,Classifier,Values,entity.field,<module>.classifier_value.id,classifier_value,id,UUIDv4,,Yes,Yes,No,,,,,,,,,gen_random_uuid(),tenant-scoped,val-uuid-0001,,,,Primary key.,"Referenced as FK by node_classifier_assignment, node_classifier_assignment_history (from/to), classifier_value_policy.default_value_id, classifier_value_constraint (source/target), and self-FK by parent_value_id.",UUIDv4 PK as per framework standard.,No,,,,"PK, NOT NULL, DEFAULT gen_random_uuid().",,Read-only. Auto-generated.,operational,,,,,40,INTERNAL,UNMASKED,LOW,,,,,,,,Y,,,,2
framework_v1,P0,DRAFT,framework v1,<module>,<module>,Classifier,Values,entity.field,<module>.classifier_value.classifier_id,classifier_value,classifier_id,UUIDv4,,No,No,No,classifier.id (soft FK),,idx_classifier_value_classifier,,,,,,,tenant-scoped,cls-uuid-0001,,,,Parent classifier. Values are scoped to their classifier.,FK to <module>_classifier.id. ON DELETE RESTRICT (cannot delete classifier with values).,Strong ownership — a value cannot exist without its classifier.,No,,,,NOT NULL. FK to <module>_classifier.id. ON DELETE RESTRICT.,,System-set on creation.,operational,,,,,40,INTERNAL,UNMASKED,LOW,,,,,,,,Y,,,,2
framework_v1,P0,DRAFT,framework v1,<module>,<module>,Classifier,Values,entity.field,<module>.classifier_value.parent_value_id,classifier_value,parent_value_id,UUIDv4,,No,No,Yes,classifier_value.id (soft FK),,idx_classifier_value_parent,,,,,,,tenant-scoped,val-uuid-0010 (for child) or NULL (for root/flat),,,,Self-FK for HIERARCHICAL classifiers. NULL for flat classifiers.,Self-FK to <module>_classifier_value.id. Child's classifier_id must match parent's classifier_id (no cross-classifier parenting).,Reserves capability for HIERARCHICAL classifiers without a future migration. v1 UI hides hierarchical classifiers; v2 will render trees.,No,,,Should hierarchy depth be capped? Currently unbounded.,NULL allowed (flat classifiers and tree roots). FK to <module>_classifier_value.id. CHECK that parent.classifier_id = this.classifier_id.,,Tree picker for HIERARCHICAL classifiers. NULL for flat.,operational,,,,,40,INTERNAL,UNMASKED,LOW,,,,,,,,Y,,,,2
framework_v1,P0,DRAFT,framework v1,<module>,<module>,Classifier,Values,entity.field,<module>.classifier_value.code,classifier_value,code,VARCHAR,50,No,Yes,No,,,,"UNIQUE(classifier_id, code)",,,,,,tenant-scoped,CRITICAL,,,,Machine-readable code for the value. Stable identifier.,No FK. Used as the natural key in seed scripts.,UPPER_SNAKE_CASE convention. UNIQUE per classifier.,No,,,,"NOT NULL. UPPER_SNAKE_CASE. UNIQUE(classifier_id, code). Max 50.",,Read-only after creation. Validated against pattern.,operational,,,,,40,INTERNAL,UNMASKED,LOW,,,,,,,,Y,,,,2
framework_v1,P0,DRAFT,framework v1,<module>,<module>,Classifier,Values,entity.field,<module>.classifier_value.name,classifier_value,name,VARCHAR,100,No,No,No,,,,,,,,,,tenant-scoped,Critical,,,,Display label for the value.,No FK. Display only.,Separate from code to allow renames.,No,,,,NOT NULL. Max 100.,,Required. Max 100.,operational,,,,,40,INTERNAL,UNMASKED,LOW,,,,,,,,Y,,,,2
framework_v1,P0,DRAFT,framework v1,<module>,<module>,Classifier,Values,entity.field,<module>.classifier_value.description,classifier_value,description,TEXT,500,No,No,Yes,,,,,,,,,,tenant-scoped,Highest priority. Drop everything.,,,,Optional description shown in the value tooltip.,No FK.,Helps users understand what each value means in this tenant's conventions.,No,,,,NULL allowed. Max 500.,,Optional.,operational,,,,,40,INTERNAL,UNMASKED,LOW,,,,,,,,Y,,,,2
framework_v1,P0,DRAFT,framework v1,<module>,<module>,Classifier,Values,entity.field,<module>.classifier_value.order,classifier_value,order,INTEGER,,No,No,No,,,,,,,,,100,tenant-scoped,10,,,,Sort order within the classifier's value list.,No FK.,"Manual ordering. Critical/High/Medium/Low etc. should appear in priority order, not alphabetically.",No,,,,NOT NULL DEFAULT 100. Steps of 10 recommended.,,Integer.,operational,,,,,40,INTERNAL,UNMASKED,LOW,,,,,,,,Y,,,,2
framework_v1,P0,DRAFT,framework v1,<module>,<module>,Classifier,Values,entity.field,<module>.classifier_value.colour,classifier_value,colour,VARCHAR,7,No,No,Yes,,CHECK (colour ~ '^#[0-9a-fA-F]{6}$' OR colour IS NULL),,,,,,,,tenant-scoped,#ef4444,,,,Hex colour code for UI chips and indicators.,No FK. Read by UI for rendering.,Per-value colour rather than per-classifier — each value has its own visual treatment.,No,,,,NULL allowed. Hex format only. Validated by CHECK.,,Colour picker. Optional.,operational,,,,,40,INTERNAL,UNMASKED,LOW,,,,,,,,Y,,,,2
framework_v1,P0,DRAFT,framework v1,<module>,<module>,Classifier,Values,entity.field,<module>.classifier_value.icon,classifier_value,icon,VARCHAR,20,No,No,Yes,,,,,,,,,,tenant-scoped,??,,,,Optional unicode glyph or short string displayed alongside the value name.,No FK.,Visual reinforcement of value meaning. Unicode rather than image refs for portability.,No,,,,NULL allowed. Max 20. Unicode-safe.,,Optional. Glyph picker.,operational,,,,,40,INTERNAL,UNMASKED,LOW,,,,,,,,Y,,,,2
framework_v1,P0,DRAFT,framework v1,<module>,<module>,Classifier,Values,entity.field,<module>.classifier_value.is_active,classifier_value,is_active,BOOLEAN,,No,No,No,,,,,,,,,TRUE,tenant-scoped,TRUE,,,,Soft-retire flag.,No FK.,Inactive values remain assignable in existing rows but hidden from new selection.,No,,,,NOT NULL DEFAULT TRUE.,,Admin toggle.,operational,,,,,40,INTERNAL,UNMASKED,LOW,,,,,,,,Y,,,,2
framework_v1,P0,DRAFT,framework v1,<module>,<module>,Classifier,Values,entity.field,<module>.classifier_value.created_at,classifier_value,created_at,TIMESTAMPTZ,,No,No,No,,,,,,,,,now(),tenant-scoped,2026-01-15T09:00:00Z,,,,Creation timestamp.,Denormalised from audit_events.,Denormalised audit timestamp. Authoritative source is audit_events.,Yes,Set to now() on INSERT.,Record creation.,,NOT NULL DEFAULT now(). Immutable after creation.,,Read-only. Displayed as creation date.,operational,,,,,40,INTERNAL,UNMASKED,LOW,,,,,,,,Y,,,,2
framework_v1,P0,DRAFT,framework v1,<module>,<module>,Classifier,Values,entity.field,<module>.classifier_value.created_by,classifier_value,created_by,UUIDv4,,No,No,Yes,authentication.principals.id,,,,,,,,,tenant-scoped,pr_system_001,,,,Creator principal.,FK to authentication.principals.id. SYSTEM principal for seed rows.,Denormalised audit principal. Nullable for bootstrap/seed rows.,Yes,Set to acting principal_id on INSERT.,Record creation.,,FK to authentication.principals.id. NULL allowed for bootstrap rows. Immutable.,,Read-only. Displayed as 'Created by' with principal display_name.,operational,,,,,40,INTERNAL,UNMASKED,LOW,,,,,,,,Y,,,,2
framework_v1,P0,DRAFT,framework v1,<module>,<module>,Classifier,Values,entity.field,<module>.classifier_value.updated_at,classifier_value,updated_at,TIMESTAMPTZ,,No,No,Yes,,,,,,,,,,tenant-scoped,2026-03-10T14:30:00Z,,,,Last modified.,Denormalised from audit_events.,Denormalised audit timestamp. NULL on initial creation.,Yes,Set to now() on every UPDATE.,Any record modification.,,NULL allowed. Set via trigger or application on UPDATE.,,Read-only. Displayed as 'Last modified'.,operational,,,,,40,INTERNAL,UNMASKED,LOW,,,,,,,,Y,,,,2
framework_v1,P0,DRAFT,framework v1,<module>,<module>,Classifier,Values,entity.field,<module>.classifier_value.updated_by,classifier_value,updated_by,UUIDv4,,No,No,Yes,authentication.principals.id,,,,,,,,,tenant-scoped,pr_admin_001,,,,Last modifier.,FK to authentication.principals.id. May be SYSTEM or admin.,Denormalised audit principal. NULL when no update has occurred.,Yes,Set to acting principal_id on every UPDATE.,Any record modification.,,FK to authentication.principals.id. NULL allowed. Set on UPDATE.,,Read-only. Displayed as 'Modified by' with principal display_name.,operational,,,,,40,INTERNAL,UNMASKED,LOW,,,,,,,,Y,,,,2
framework_v1,P0,DRAFT,framework v1,<module>,<module>,Classifier,Policies,entity,<module>.classifier_value_policy,classifier_value_policy,classifier_value_policy,,,,,,,,,,,,,,,tenant-scoped,,,,,"Selection rules per classifier (one policy per classifier, UNIQUE). Includes selection_mode FK to lookup, default_value, allow_custom_values, requires_reason_on_change (governance hook).",,,No,,,,,,,operational,,,,,40,CONFIDENTIAL,MASK_FULL,HIGH,,,Y,Y,Y,,,Y,,,,3
framework_v1,P0,DRAFT,framework v1,<module>,<module>,Classifier,Policies,entity.field,<module>.classifier_value_policy.id,classifier_value_policy,id,UUIDv4,,Yes,Yes,No,,,,,,,,,gen_random_uuid(),tenant-scoped,pol-uuid-0001,,,,Primary key.,Not typically referenced as FK — accessed via classifier_id lookup.,UUIDv4 PK.,No,,,,"PK, NOT NULL.",,Read-only.,operational,,,,,40,INTERNAL,UNMASKED,LOW,,,,,,,,Y,,,,3
framework_v1,P0,DRAFT,framework v1,<module>,<module>,Classifier,Policies,entity.field,<module>.classifier_value_policy.classifier_id,classifier_value_policy,classifier_id,UUIDv4,,No,Yes,No,classifier.id (soft FK),,idx_classifier_policy_classifier,UNIQUE(classifier_id) — one policy per classifier,,,,,,tenant-scoped,cls-uuid-0001,,,,Parent classifier. UNIQUE — exactly one policy per classifier.,FK to <module>_classifier.id. UNIQUE enforces 1:1.,Separate policy entity (rather than columns on classifier) keeps audit trail independent and allows the policy schema to grow without bloating classifier.,No,,,,NOT NULL. UNIQUE. FK to <module>_classifier.id. ON DELETE CASCADE.,,System-set.,operational,,,,,40,INTERNAL,UNMASKED,LOW,,,,,,,,Y,,,,3
framework_v1,P0,DRAFT,framework v1,<module>,<module>,Classifier,Policies,entity.field,<module>.classifier_value_policy.selection_mode_id,classifier_value_policy,selection_mode_id,UUIDv4,,No,No,No,classifier_selection_mode.id (soft FK),,,,,,,,,tenant-scoped,sm-uuid-0001,,,,"Selection mode (SINGLE_SELECT, MULTIPLE_SELECT, HIERARCHICAL).",FK to <module>_classifier_selection_mode.id.,FK to lookup (rather than inline CHECK) preserves mode metadata like allows_multiple flag.,No,,,,NOT NULL. FK to lookup.,,Dropdown of 3 modes.,operational,,,,,40,INTERNAL,UNMASKED,LOW,,,,,,,,Y,,,,3
framework_v1,P0,DRAFT,framework v1,<module>,<module>,Classifier,Policies,entity.field,<module>.classifier_value_policy.min_selected,classifier_value_policy,min_selected,INTEGER,,No,No,Yes,,,,,,,,,,tenant-scoped,NULL or 1,,,,Lower bound on number of values that can be assigned.,No FK.,NULL means no lower bound. Combined with max_selected and is_required.,No,,,,NULL allowed. INTEGER. Application enforces.,,Integer or unset.,operational,,,,,40,INTERNAL,UNMASKED,LOW,,,,,,,,Y,,,,3
framework_v1,P0,DRAFT,framework v1,<module>,<module>,Classifier,Policies,entity.field,<module>.classifier_value_policy.max_selected,classifier_value_policy,max_selected,INTEGER,,No,No,Yes,,,,,,,,,,tenant-scoped,1 (SINGLE) or 3 (MULTIPLE up to 3) or NULL (unlimited),,,,"Upper bound. 1 for SINGLE_SELECT, NULL or >=2 for MULTIPLE_SELECT.",No FK.,Caps multi-select to prevent runaway assignments (e.g. up to 3 strategic themes).,No,,,,SINGLE_SELECT => max_selected=1. MULTIPLE_SELECT => NULL or >=2. Application enforces.,,Integer or unset.,operational,,,,,40,INTERNAL,UNMASKED,LOW,,,,,,,,Y,,,,3
framework_v1,P0,DRAFT,framework v1,<module>,<module>,Classifier,Policies,entity.field,<module>.classifier_value_policy.is_required,classifier_value_policy,is_required,BOOLEAN,,No,No,No,,,,,,,,,FALSE,tenant-scoped,FALSE,,,,Whether this classifier must be assigned on every node in scope.,No FK.,Surfaced as a red asterisk in the UI when TRUE. Note: profile_member.is_required can override per profile.,No,,,,NOT NULL DEFAULT FALSE.,,Admin toggle.,operational,,,,,40,INTERNAL,UNMASKED,LOW,,,,,,,,Y,,,,3
framework_v1,P0,DRAFT,framework v1,<module>,<module>,Classifier,Policies,entity.field,<module>.classifier_value_policy.default_value_id,classifier_value_policy,default_value_id,UUIDv4,,No,No,Yes,classifier_value.id (soft FK),,,,,,,,,tenant-scoped,val-uuid-medium (e.g. PRIORITY=MEDIUM by default),,,,Optional default value auto-assigned on first interaction.,FK to <module>_classifier_value.id. Must belong to the policy's classifier (coherence check at app layer).,Enables sensible defaults — new TASKs auto-tagged with PRIORITY=MEDIUM rather than starting unassigned.,No,,,,NULL allowed. FK to classifier_value. Coherence: value.classifier_id must equal this.classifier_id.,,Value picker constrained to this classifier's values.,operational,,,,,40,INTERNAL,UNMASKED,LOW,,,,,,,,Y,,,,3
framework_v1,P0,DRAFT,framework v1,<module>,<module>,Classifier,Policies,entity.field,<module>.classifier_value_policy.allow_custom_values,classifier_value_policy,allow_custom_values,BOOLEAN,,No,No,No,,,,,,,,,FALSE,tenant-scoped,FALSE,,,,Whether users can create ad-hoc values not in the predefined list.,No FK.,Most classifiers FALSE. TRUE for things like a TAGS classifier where vocabulary grows organically.,No,,,,NOT NULL DEFAULT FALSE.,,Admin toggle.,operational,,,,,40,INTERNAL,UNMASKED,LOW,,,,,,,,Y,,,,3
framework_v1,P0,DRAFT,framework v1,<module>,<module>,Classifier,Policies,entity.field,<module>.classifier_value_policy.requires_reason_on_change,classifier_value_policy,requires_reason_on_change,BOOLEAN,,No,No,No,,,,,,,,,FALSE,tenant-scoped,"TRUE (for RISK_PROBABILITY, governance-tracked)",,,,"Governance hook. When TRUE, UI requires a user-supplied reason on every value change. Reason captured in history.",No FK. Read by UI and history-write logic.,Enables governance escalation for sensitive classifiers without affecting routine ones. Reason captured in node_classifier_assignment_history.reason.,No,,,,NOT NULL DEFAULT FALSE. Application enforces reason capture in UI.,,"Admin toggle. When TRUE, modal shows reason field.",operational,,,,,40,INTERNAL,UNMASKED,LOW,,,,,,,,Y,,,,3
framework_v1,P0,DRAFT,framework v1,<module>,<module>,Classifier,Policies,entity.field,<module>.classifier_value_policy.computation_mode,classifier_value_policy,computation_mode,VARCHAR,20,No,No,No,,"CHECK (computation_mode IN ('manual','computed','suggested'))",,,,,,,'manual',tenant-scoped,manual,,,,"How values are determined. manual=user picks; computed=system sets, no override; suggested=system suggests, user can override. v2 implements only 'manual'.",No FK. Read by application to gate the assignment UX.,Schema slot reserved in v2 so v3 doesn't need a migration on this hot path. Pairs with default_calculation_id below.,No,,,,NOT NULL DEFAULT 'manual'. CHECK enum. v2: every row is 'manual'.,,"v2: read-only, always 'manual'. v3: admin picker.",operational,,,,,40,INTERNAL,UNMASKED,LOW,,,,,,,,Y,,,,3
framework_v1,P0,DRAFT,framework v1,<module>,<module>,Classifier,Policies,entity.field,<module>.classifier_value_policy.default_calculation_id,classifier_value_policy,default_calculation_id,UUIDv4,,No,No,Yes,"Calc Engine: calculation.id (soft FK, cross-service)",,,,,,,,,tenant-scoped,NULL (v2) or comp-uuid-financial-health (v3),,,,"Default calculation (from Calc Engine) applied when computation_mode IN ('computed','suggested') and no profile attachment overrides it. NULL when computation_mode='manual'. See §16.4.",Soft FK to Calc Engine: calculation.id (cross-service). NULL allowed.,Two-tier defaulting: policy provides the tenant-wide default calculation; profile attachments override per-project. The PM can pick a different calculation for their subtree without changing the tenant's default.,No,,,,NULL allowed. Soft FK validated at app layer. Must reference a calculation whose output type is classifier_value and whose values are a subset of this classifier's values (Calc Engine coherence check API).,,v2: always NULL. v3: calculation picker driven by the Calc Engine API (filtered to calculations matching this classifier's output values).,operational,,,,,40,INTERNAL,UNMASKED,LOW,,,,,,,,Y,,,,3
framework_v1,P0,DRAFT,framework v1,<module>,<module>,Classifier,Policies,entity.field,<module>.classifier_value_policy.is_active,classifier_value_policy,is_active,BOOLEAN,,No,No,No,,,,,,,,,TRUE,tenant-scoped,TRUE,,,,Soft-retire flag. Inactive policies disable the classifier from new assignment.,No FK.,Inactive policy implies inactive classifier (application convention).,No,,,,NOT NULL DEFAULT TRUE.,,Admin toggle.,operational,,,,,40,INTERNAL,UNMASKED,LOW,,,,,,,,Y,,,,3
framework_v1,P0,DRAFT,framework v1,<module>,<module>,Classifier,Policies,entity.field,<module>.classifier_value_policy.created_at,classifier_value_policy,created_at,TIMESTAMPTZ,,No,No,No,,,,,,,,,now(),tenant-scoped,2026-01-15T09:00:00Z,,,,Creation timestamp.,Denormalised from audit_events.,Denormalised audit timestamp. Authoritative source is audit_events.,Yes,Set to now() on INSERT.,Record creation.,,NOT NULL DEFAULT now(). Immutable after creation.,,Read-only. Displayed as creation date.,operational,,,,,40,INTERNAL,UNMASKED,LOW,,,,,,,,Y,,,,3
framework_v1,P0,DRAFT,framework v1,<module>,<module>,Classifier,Policies,entity.field,<module>.classifier_value_policy.created_by,classifier_value_policy,created_by,UUIDv4,,No,No,Yes,authentication.principals.id,,,,,,,,,tenant-scoped,pr_system_001,,,,Creator principal.,FK to authentication.principals.id. SYSTEM principal for seed rows.,Denormalised audit principal. Nullable for bootstrap/seed rows.,Yes,Set to acting principal_id on INSERT.,Record creation.,,FK to authentication.principals.id. NULL allowed for bootstrap rows. Immutable.,,Read-only. Displayed as 'Created by' with principal display_name.,operational,,,,,40,INTERNAL,UNMASKED,LOW,,,,,,,,Y,,,,3
framework_v1,P0,DRAFT,framework v1,<module>,<module>,Classifier,Policies,entity.field,<module>.classifier_value_policy.updated_at,classifier_value_policy,updated_at,TIMESTAMPTZ,,No,No,Yes,,,,,,,,,,tenant-scoped,2026-03-10T14:30:00Z,,,,Last modified.,Denormalised from audit_events.,Denormalised audit timestamp. NULL on initial creation.,Yes,Set to now() on every UPDATE.,Any record modification.,,NULL allowed. Set via trigger or application on UPDATE.,,Read-only. Displayed as 'Last modified'.,operational,,,,,40,INTERNAL,UNMASKED,LOW,,,,,,,,Y,,,,3
framework_v1,P0,DRAFT,framework v1,<module>,<module>,Classifier,Policies,entity.field,<module>.classifier_value_policy.updated_by,classifier_value_policy,updated_by,UUIDv4,,No,No,Yes,authentication.principals.id,,,,,,,,,tenant-scoped,pr_admin_001,,,,Last modifier.,FK to authentication.principals.id. May be SYSTEM or admin.,Denormalised audit principal. NULL when no update has occurred.,Yes,Set to acting principal_id on every UPDATE.,Any record modification.,,FK to authentication.principals.id. NULL allowed. Set on UPDATE.,,Read-only. Displayed as 'Modified by' with principal display_name.,operational,,,,,40,INTERNAL,UNMASKED,LOW,,,,,,,,Y,,,,3
framework_v1,P0,DRAFT,framework v1,<module>,<module>,Classifier,Constraints,entity,<module>.classifier_value_constraint,classifier_value_constraint,classifier_value_constraint,,,,,,,,,,,,,,,tenant-scoped,,,,,"Inter-value rules. Cross-classifier capable via dual source/target FK pattern. 11 native fields. constraint_type CHECK in (REQUIRES, PROHIBITS, WARNS). v1 advisory only; v2 may enforce hard.",,,No,,,,,,,operational,,,,,40,CONFIDENTIAL,MASK_FULL,HIGH,,,Y,Y,Y,,,Y,,,,4
framework_v1,P0,DRAFT,framework v1,<module>,<module>,Classifier,Constraints,entity.field,<module>.classifier_value_constraint.id,classifier_value_constraint,id,UUIDv4,,Yes,Yes,No,,,,,,,,,gen_random_uuid(),tenant-scoped,cn-uuid-0001,,,,Primary key.,Not referenced as FK.,UUIDv4 PK.,No,,,,"PK, NOT NULL.",,Read-only.,operational,,,,,40,INTERNAL,UNMASKED,LOW,,,,,,,,Y,,,,4
framework_v1,P0,DRAFT,framework v1,<module>,<module>,Classifier,Constraints,entity.field,<module>.classifier_value_constraint.source_classifier_id,classifier_value_constraint,source_classifier_id,UUIDv4,,No,No,No,classifier.id (soft FK),,idx_constraint_source_cls,,,,,,,tenant-scoped,cls-uuid-risk-prob,,,,"The 'trigger' classifier. If a node has this classifier assigned to source_value_id, the constraint fires.",FK to <module>_classifier.id. source_value_id must belong to this classifier.,Dual FK pattern (source + target classifiers) disambiguates cross-classifier constraints which a single classifier_id could not express.,No,,,,NOT NULL. FK. CHECK coherence: source_value_id.classifier_id = source_classifier_id (app-level).,,System-set.,operational,,,,,40,INTERNAL,UNMASKED,LOW,,,,,,,,Y,,,,4
framework_v1,P0,DRAFT,framework v1,<module>,<module>,Classifier,Constraints,entity.field,<module>.classifier_value_constraint.source_value_id,classifier_value_constraint,source_value_id,UUIDv4,,No,No,No,classifier_value.id (soft FK),,,,,,,,,tenant-scoped,val-uuid-very-high,,,,The 'trigger' value. The constraint fires when this value is assigned.,FK to <module>_classifier_value.id. Must belong to source_classifier_id.,"Value-level constraint trigger — not just any value of the classifier, but a specific value.",No,,,,NOT NULL. FK. Coherence check with source_classifier_id.,,Value picker constrained to source_classifier_id's values.,operational,,,,,40,INTERNAL,UNMASKED,LOW,,,,,,,,Y,,,,4
framework_v1,P0,DRAFT,framework v1,<module>,<module>,Classifier,Constraints,entity.field,<module>.classifier_value_constraint.target_classifier_id,classifier_value_constraint,target_classifier_id,UUIDv4,,No,No,No,classifier.id (soft FK),,idx_constraint_target_cls,,,,,,,tenant-scoped,cls-uuid-priority,,,,The 'affected' classifier. The constraint applies to this classifier's value on the same node.,FK to <module>_classifier.id. target_value_id must belong to this classifier.,Allows cross-classifier rules (e.g. RISK_PROBABILITY=VERY_HIGH REQUIRES PRIORITY=CRITICAL).,No,,,,NOT NULL. FK.,,System-set.,operational,,,,,40,INTERNAL,UNMASKED,LOW,,,,,,,,Y,,,,4
framework_v1,P0,DRAFT,framework v1,<module>,<module>,Classifier,Constraints,entity.field,<module>.classifier_value_constraint.target_value_id,classifier_value_constraint,target_value_id,UUIDv4,,No,No,No,classifier_value.id (soft FK),,,,,,,,,tenant-scoped,val-uuid-critical,,,,The 'affected' value. The constraint requires/prohibits/warns about this value.,FK to <module>_classifier_value.id. Must belong to target_classifier_id.,Pairs with source_value_id to define the full constraint.,No,,,,NOT NULL. FK. Coherence check with target_classifier_id.,,Value picker constrained to target_classifier_id's values.,operational,,,,,40,INTERNAL,UNMASKED,LOW,,,,,,,,Y,,,,4
framework_v1,P0,DRAFT,framework v1,<module>,<module>,Classifier,Constraints,entity.field,<module>.classifier_value_constraint.constraint_type,classifier_value_constraint,constraint_type,VARCHAR,20,No,No,No,,"CHECK (constraint_type IN ('REQUIRES','PROHIBITS','WARNS'))",,,,,,,,tenant-scoped,REQUIRES,,,,REQUIRES: source means target must also be set. PROHIBITS: source means target cannot be set. WARNS: surface a warning but don't block.,No FK. Read by constraint engine.,Three semantically distinct types. IMPLIES (auto-assign target) was considered and rejected — implicit assignment confuses users.,No,,,,NOT NULL. CHECK IN three values.,,Dropdown of three types.,operational,,,,,40,INTERNAL,UNMASKED,LOW,,,,,,,,Y,,,,4
framework_v1,P0,DRAFT,framework v1,<module>,<module>,Classifier,Constraints,entity.field,<module>.classifier_value_constraint.is_active,classifier_value_constraint,is_active,BOOLEAN,,No,No,No,,,,,,,,,TRUE,tenant-scoped,TRUE,,,,Soft-retire flag.,No FK.,Constraints can be retired without deletion.,No,,,,NOT NULL DEFAULT TRUE.,,Admin toggle.,operational,,,,,40,INTERNAL,UNMASKED,LOW,,,,,,,,Y,,,,4
framework_v1,P0,DRAFT,framework v1,<module>,<module>,Classifier,Constraints,entity.field,<module>.classifier_value_constraint.created_at,classifier_value_constraint,created_at,TIMESTAMPTZ,,No,No,No,,,,,,,,,now(),tenant-scoped,2026-01-15T09:00:00Z,,,,Creation timestamp.,Denormalised from audit_events.,Denormalised audit timestamp. Authoritative source is audit_events.,Yes,Set to now() on INSERT.,Record creation.,,NOT NULL DEFAULT now(). Immutable after creation.,,Read-only. Displayed as creation date.,operational,,,,,40,INTERNAL,UNMASKED,LOW,,,,,,,,Y,,,,4
framework_v1,P0,DRAFT,framework v1,<module>,<module>,Classifier,Constraints,entity.field,<module>.classifier_value_constraint.created_by,classifier_value_constraint,created_by,UUIDv4,,No,No,Yes,authentication.principals.id,,,,,,,,,tenant-scoped,pr_system_001,,,,Creator principal.,FK to authentication.principals.id. SYSTEM principal for seed rows.,Denormalised audit principal. Nullable for bootstrap/seed rows.,Yes,Set to acting principal_id on INSERT.,Record creation.,,FK to authentication.principals.id. NULL allowed for bootstrap rows. Immutable.,,Read-only. Displayed as 'Created by' with principal display_name.,operational,,,,,40,INTERNAL,UNMASKED,LOW,,,,,,,,Y,,,,4
framework_v1,P0,DRAFT,framework v1,<module>,<module>,Classifier,Constraints,entity.field,<module>.classifier_value_constraint.updated_at,classifier_value_constraint,updated_at,TIMESTAMPTZ,,No,No,Yes,,,,,,,,,,tenant-scoped,2026-03-10T14:30:00Z,,,,Last modified.,Denormalised from audit_events.,Denormalised audit timestamp. NULL on initial creation.,Yes,Set to now() on every UPDATE.,Any record modification.,,NULL allowed. Set via trigger or application on UPDATE.,,Read-only. Displayed as 'Last modified'.,operational,,,,,40,INTERNAL,UNMASKED,LOW,,,,,,,,Y,,,,4
framework_v1,P0,DRAFT,framework v1,<module>,<module>,Classifier,Constraints,entity.field,<module>.classifier_value_constraint.updated_by,classifier_value_constraint,updated_by,UUIDv4,,No,No,Yes,authentication.principals.id,,,,,,,,,tenant-scoped,pr_admin_001,,,,Last modifier.,FK to authentication.principals.id. May be SYSTEM or admin.,Denormalised audit principal. NULL when no update has occurred.,Yes,Set to acting principal_id on every UPDATE.,Any record modification.,,FK to authentication.principals.id. NULL allowed. Set on UPDATE.,,Read-only. Displayed as 'Modified by' with principal display_name.,operational,,,,,40,INTERNAL,UNMASKED,LOW,,,,,,,,Y,,,,4
?  PROFILE LAYER — what's in scope where,,,,,,,,,,,,,,,,,,,,,,,,,,,,,,,,,,,,,,,,,,,,,,,,,,,,,,,,,,,,,
framework_v1,P0,DRAFT,framework v1,<module>,<module>,Classifier,Profiles,entity,<module>.classifier_profile,classifier_profile,classifier_profile,,,,,,,,,,,,,,,tenant-scoped,,,,,NEW. Named bundle of classifiers. Attached to nodes to scope which classifiers apply. Subtree inheritance via closure walk. Platform-seeded + tenant-defined.,,,No,,,,,,,operational,,,,,40,CONFIDENTIAL,MASK_FULL,HIGH,,,Y,Y,Y,,,Y,,,,5
framework_v1,P0,DRAFT,framework v1,<module>,<module>,Classifier,Profiles,entity.field,<module>.classifier_profile.id,classifier_profile,id,UUIDv4,,Yes,Yes,No,,,,,,,,,gen_random_uuid(),tenant-scoped,prf-uuid-0001,,,,Primary key.,Referenced as FK by classifier_profile_member and node_classifier_profile_attachment.,UUIDv4 PK.,No,,,,"PK, NOT NULL.",,Read-only.,operational,,,,,40,INTERNAL,UNMASKED,LOW,,,,,,,,Y,,,,5
framework_v1,P0,DRAFT,framework v1,<module>,<module>,Classifier,Profiles,entity.field,<module>.classifier_profile.company_id,classifier_profile,company_id,UUIDv4,,No,No,No,company.company.id,,idx_profile_company,,,,,,,tenant-scoped,00000000-0000-0000-0000-000000000001 (PLATFORM) or tenant id,,,,Tenant scoping. Same pattern as classifier.,FK to company.company.id. Platform profiles use reserved UUID.,Same platform/tenant model as classifier — consistent ownership semantics.,No,,,,FK. NOT NULL. Index for tenant queries.,,System-set.,operational,,,,,40,INTERNAL,UNMASKED,LOW,,,,,,,,Y,,,,5
framework_v1,P0,DRAFT,framework v1,<module>,<module>,Classifier,Profiles,entity.field,<module>.classifier_profile.source,classifier_profile,source,VARCHAR,20,No,No,No,,"CHECK (source IN ('platform','tenant'))",,,,,,,,tenant-scoped,platform,,,,Platform-seeded vs tenant-defined flag.,No FK. Gates edit/delete permission.,Same pattern as classifier.source.,No,,,,NOT NULL. CHECK enum.,,Read-only after creation.,operational,,,,,40,INTERNAL,UNMASKED,LOW,,,,,,,,Y,,,,5
framework_v1,P0,DRAFT,framework v1,<module>,<module>,Classifier,Profiles,entity.field,<module>.classifier_profile.code,classifier_profile,code,VARCHAR,50,No,Yes,No,,,,"UNIQUE(company_id, code)",,,,,,tenant-scoped,STANDARD_DELIVERY,,,,Machine-readable code.,No FK.,UPPER_SNAKE_CASE convention.,No,,,,NOT NULL. UPPER_SNAKE_CASE. UNIQUE per tenant.,,Validated pattern.,operational,,,,,40,INTERNAL,UNMASKED,LOW,,,,,,,,Y,,,,5
framework_v1,P0,DRAFT,framework v1,<module>,<module>,Classifier,Profiles,entity.field,<module>.classifier_profile.name,classifier_profile,name,VARCHAR,100,No,No,No,,,,,,,,,,tenant-scoped,Standard Delivery Profile,,,,Display name.,No FK.,Editable display label.,No,,,,NOT NULL. Max 100.,,Required.,operational,,,,,40,INTERNAL,UNMASKED,LOW,,,,,,,,Y,,,,5
framework_v1,P0,DRAFT,framework v1,<module>,<module>,Classifier,Profiles,entity.field,<module>.classifier_profile.description,classifier_profile,description,TEXT,500,No,No,Yes,,,,,,,,,,tenant-scoped,"The default classifier set for delivery-focused work. Priority, RAG, Effort.",,,,Optional description shown in the profile picker and the modal's profile context strip.,No FK.,Helps project owners pick the right profile.,No,,,,NULL allowed. Max 500.,,Optional.,operational,,,,,40,INTERNAL,UNMASKED,LOW,,,,,,,,Y,,,,5
framework_v1,P0,DRAFT,framework v1,<module>,<module>,Classifier,Profile,entity.field,<module>.classifier_profile.order,classifier_profile,order,INTEGER,,No,No,No,,,,,,,,,100,tenant-scoped,10,,,,Sort order in the Available classifiers list.,No FK. Read by application for ORDER BY.,Manual ordering rather than alphabetical lets admins surface the most-used classifiers first.,No,,,,NOT NULL DEFAULT 100. Lower = earlier in list. Recommended steps of 10 to allow inserts.,,Integer input. Default 100.,operational,,,,,40,INTERNAL,UNMASKED,LOW,,,,,,,,Y,,,,1
framework_v1,P0,DRAFT,framework v1,<module>,<module>,Classifier,Profiles,entity.field,<module>.classifier_profile.scope_default,classifier_profile,scope_default,VARCHAR,20,No,No,No,,"CHECK (scope_default IN ('self','subtree'))",,,,,,,'subtree',tenant-scoped,subtree,,,,Default inheritance behaviour when attached. Most profiles attach with subtree scope; can be overridden per attachment.,No FK. Used as default for new attachments.,Most profiles default to subtree (inherit to descendants). 'self' for one-off attachments.,No,,,,NOT NULL. DEFAULT 'subtree'. CHECK enum.,,Dropdown.,operational,,,,,40,INTERNAL,UNMASKED,LOW,,,,,,,,Y,,,,5
framework_v1,P0,DRAFT,framework v1,<module>,<module>,Classifier,Profiles,entity.field,<module>.classifier_profile.is_active,classifier_profile,is_active,BOOLEAN,,No,No,No,,,,,,,,,TRUE,tenant-scoped,TRUE,,,,Soft-retire flag.,No FK.,Retiring a profile keeps attachments visible in audit but excludes from scope resolution.,No,,,,NOT NULL DEFAULT TRUE.,,Admin toggle.,operational,,,,,40,INTERNAL,UNMASKED,LOW,,,,,,,,Y,,,,5
framework_v1,P0,DRAFT,framework v1,<module>,<module>,Classifier,Profiles,entity.field,<module>.classifier_profile.created_at,classifier_profile,created_at,TIMESTAMPTZ,,No,No,No,,,,,,,,,now(),tenant-scoped,2026-01-15T09:00:00Z,,,,Creation timestamp.,Denormalised from audit_events.,Denormalised audit timestamp. Authoritative source is audit_events.,Yes,Set to now() on INSERT.,Record creation.,,NOT NULL DEFAULT now(). Immutable after creation.,,Read-only. Displayed as creation date.,operational,,,,,40,INTERNAL,UNMASKED,LOW,,,,,,,,Y,,,,5
framework_v1,P0,DRAFT,framework v1,<module>,<module>,Classifier,Profiles,entity.field,<module>.classifier_profile.created_by,classifier_profile,created_by,UUIDv4,,No,No,Yes,authentication.principals.id,,,,,,,,,tenant-scoped,pr_system_001,,,,Creator principal.,FK to authentication.principals.id. SYSTEM principal for seed rows.,Denormalised audit principal. Nullable for bootstrap/seed rows.,Yes,Set to acting principal_id on INSERT.,Record creation.,,FK to authentication.principals.id. NULL allowed for bootstrap rows. Immutable.,,Read-only. Displayed as 'Created by' with principal display_name.,operational,,,,,40,INTERNAL,UNMASKED,LOW,,,,,,,,Y,,,,5
framework_v1,P0,DRAFT,framework v1,<module>,<module>,Classifier,Profiles,entity.field,<module>.classifier_profile.updated_at,classifier_profile,updated_at,TIMESTAMPTZ,,No,No,Yes,,,,,,,,,,tenant-scoped,2026-03-10T14:30:00Z,,,,Last modified.,Denormalised from audit_events.,Denormalised audit timestamp. NULL on initial creation.,Yes,Set to now() on every UPDATE.,Any record modification.,,NULL allowed. Set via trigger or application on UPDATE.,,Read-only. Displayed as 'Last modified'.,operational,,,,,40,INTERNAL,UNMASKED,LOW,,,,,,,,Y,,,,5
framework_v1,P0,DRAFT,framework v1,<module>,<module>,Classifier,Profiles,entity.field,<module>.classifier_profile.updated_by,classifier_profile,updated_by,UUIDv4,,No,No,Yes,authentication.principals.id,,,,,,,,,tenant-scoped,pr_admin_001,,,,Last modifier.,FK to authentication.principals.id. May be SYSTEM or admin.,Denormalised audit principal. NULL when no update has occurred.,Yes,Set to acting principal_id on every UPDATE.,Any record modification.,,FK to authentication.principals.id. NULL allowed. Set on UPDATE.,,Read-only. Displayed as 'Modified by' with principal display_name.,operational,,,,,40,INTERNAL,UNMASKED,LOW,,,,,,,,Y,,,,5
framework_v1,P0,DRAFT,framework v1,<module>,<module>,Classifier,Profile Members,entity,<module>.classifier_profile_member,classifier_profile_member,classifier_profile_member,,,,,,,,,,,,,,,tenant-scoped,,,,,NEW. Junction: which classifiers are in which profile. Carries is_required (can differ per profile) and order.,,,No,,,,,,,operational,,,,,40,CONFIDENTIAL,MASK_FULL,HIGH,,,Y,Y,Y,,,Y,,,,6
framework_v1,P0,DRAFT,framework v1,<module>,<module>,Classifier,Profile Members,entity.field,<module>.classifier_profile_member.id,classifier_profile_member,id,UUIDv4,,Yes,Yes,No,,,,,,,,,gen_random_uuid(),tenant-scoped,mem-uuid-0001,,,,Primary key.,Not referenced as FK.,UUIDv4 PK.,No,,,,"PK, NOT NULL.",,Read-only.,operational,,,,,40,INTERNAL,UNMASKED,LOW,,,,,,,,Y,,,,6
framework_v1,P0,DRAFT,framework v1,<module>,<module>,Classifier,Profile Members,entity.field,<module>.classifier_profile_member.profile_id,classifier_profile_member,profile_id,UUIDv4,,No,No,No,classifier_profile.id (soft FK),,idx_profile_member_profile,"UNIQUE(profile_id, classifier_id)",,,,,,tenant-scoped,prf-uuid-0001,,,,Parent profile.,FK to <module>_classifier_profile.id. ON DELETE CASCADE.,Junction owns the membership; cascades with profile deletion.,No,,,,NOT NULL. FK. ON DELETE CASCADE.,,System-set.,operational,,,,,40,INTERNAL,UNMASKED,LOW,,,,,,,,Y,,,,6
framework_v1,P0,DRAFT,framework v1,<module>,<module>,Classifier,Profile Members,entity.field,<module>.classifier_profile_member.classifier_id,classifier_profile_member,classifier_id,UUIDv4,,No,No,No,classifier.id (soft FK),,idx_profile_member_classifier,,,,,,,tenant-scoped,cls-uuid-priority,,,,The classifier included in this profile.,"FK to <module>_classifier.id. UNIQUE(profile_id, classifier_id) — a classifier appears at most once per profile.",A classifier can appear in many profiles with different is_required flags per profile.,No,,,,NOT NULL. FK. ON DELETE RESTRICT.,,Classifier picker.,operational,,,,,40,INTERNAL,UNMASKED,LOW,,,,,,,,Y,,,,6
framework_v1,P0,DRAFT,framework v1,<module>,<module>,Classifier,Profile Members,entity.field,<module>.classifier_profile_member.is_required,classifier_profile_member,is_required,BOOLEAN,,No,No,No,,,,,,,,,FALSE,tenant-scoped,TRUE,,,,"Whether this classifier is required within this profile. Distinct from policy.is_required — a classifier can be optional in one profile, required in another.",No FK.,"Per-profile override of the classifier-level required flag. Same classifier, different profile, different requirement.",No,,,,NOT NULL DEFAULT FALSE.,,Toggle in profile editor.,operational,,,,,40,INTERNAL,UNMASKED,LOW,,,,,,,,Y,,,,6
framework_v1,P0,DRAFT,framework v1,<module>,<module>,Classifier,Profile Members,entity.field,<module>.classifier_profile_member.order,classifier_profile_member,order,INTEGER,,No,No,No,,,,,,,,,100,tenant-scoped,10,,,,Sort order within the profile.,No FK.,Manual ordering of classifiers within a profile.,No,,,,NOT NULL DEFAULT 100.,,Integer.,operational,,,,,40,INTERNAL,UNMASKED,LOW,,,,,,,,Y,,,,6
framework_v1,P0,DRAFT,framework v1,<module>,<module>,Classifier,Profile Members,entity.field,<module>.classifier_profile_member.created_at,classifier_profile_member,created_at,TIMESTAMPTZ,,No,No,No,,,,,,,,,now(),tenant-scoped,2026-01-15T09:00:00Z,,,,Creation timestamp.,Denormalised from audit_events.,Denormalised audit timestamp. Authoritative source is audit_events.,Yes,Set to now() on INSERT.,Record creation.,,NOT NULL DEFAULT now(). Immutable after creation.,,Read-only. Displayed as creation date.,operational,,,,,40,INTERNAL,UNMASKED,LOW,,,,,,,,Y,,,,6
framework_v1,P0,DRAFT,framework v1,<module>,<module>,Classifier,Profile Members,entity.field,<module>.classifier_profile_member.created_by,classifier_profile_member,created_by,UUIDv4,,No,No,Yes,authentication.principals.id,,,,,,,,,tenant-scoped,pr_system_001,,,,Creator principal.,FK to authentication.principals.id. SYSTEM principal for seed rows.,Denormalised audit principal. Nullable for bootstrap/seed rows.,Yes,Set to acting principal_id on INSERT.,Record creation.,,FK to authentication.principals.id. NULL allowed for bootstrap rows. Immutable.,,Read-only. Displayed as 'Created by' with principal display_name.,operational,,,,,40,INTERNAL,UNMASKED,LOW,,,,,,,,Y,,,,6
framework_v1,P0,DRAFT,framework v1,<module>,<module>,Classifier,Profile Members,entity.field,<module>.classifier_profile_member.updated_at,classifier_profile_member,updated_at,TIMESTAMPTZ,,No,No,Yes,,,,,,,,,,tenant-scoped,2026-03-10T14:30:00Z,,,,Last modified.,Denormalised from audit_events.,Denormalised audit timestamp. NULL on initial creation.,Yes,Set to now() on every UPDATE.,Any record modification.,,NULL allowed. Set via trigger or application on UPDATE.,,Read-only. Displayed as 'Last modified'.,operational,,,,,40,INTERNAL,UNMASKED,LOW,,,,,,,,Y,,,,6
framework_v1,P0,DRAFT,framework v1,<module>,<module>,Classifier,Profile Members,entity.field,<module>.classifier_profile_member.updated_by,classifier_profile_member,updated_by,UUIDv4,,No,No,Yes,authentication.principals.id,,,,,,,,,tenant-scoped,pr_admin_001,,,,Last modifier.,FK to authentication.principals.id. May be SYSTEM or admin.,Denormalised audit principal. NULL when no update has occurred.,Yes,Set to acting principal_id on every UPDATE.,Any record modification.,,FK to authentication.principals.id. NULL allowed. Set on UPDATE.,,Read-only. Displayed as 'Modified by' with principal display_name.,operational,,,,,40,INTERNAL,UNMASKED,LOW,,,,,,,,Y,,,,6
framework_v1,P0,DRAFT,framework v1,<module>,<module>,Classifier,Profile Attachments,entity,<module>.<module>_node_classifier_profile_attachment,<module>_node_classifier_profile_attachment,<module>_node_classifier_profile_attachment,,,,,,,,,,,,,,,tenant-scoped,,,,,NEW. Profile attached to a node. scope_hint overrides profile.scope_default. Subtree inheritance via closure walk on the node tree. Operational entity.,,,No,,,,,,,operational,,,,,40,CONFIDENTIAL,MASK_FULL,HIGH,,,Y,Y,Y,,,Y,,,,7
framework_v1,P0,DRAFT,framework v1,<module>,<module>,Classifier,Profile Attachments,entity.field,<module>.<module>_node_classifier_profile_attachment.id,<module>_node_classifier_profile_attachment,id,UUIDv4,,Yes,Yes,No,,,,,,,,,gen_random_uuid(),tenant-scoped,att-uuid-0001,,,,Primary key.,Not referenced as FK.,UUIDv4 PK.,No,,,,"PK, NOT NULL.",,Read-only.,operational,,,,,40,INTERNAL,UNMASKED,LOW,,,,,,,,Y,,,,7
framework_v1,P0,DRAFT,framework v1,<module>,<module>,Classifier,Profile Attachments,entity.field,<module>.<module>_node_classifier_profile_attachment.assignee_node_id,<module>_node_classifier_profile_attachment,assignee_node_id,UUIDv4,,No,No,No,<module>.node.id,,idx_profile_attach_node,"UNIQUE(assignee_node_id, profile_id) WHERE is_active",,,,,,tenant-scoped,node-uuid-prog-001,,,,The node to which the profile is attached. Typically a programme or project.,FK to module's node table. ON DELETE CASCADE.,Profile attachments live on nodes; closure walk inherits to descendants.,No,,,,NOT NULL. FK. ON DELETE CASCADE.,,System-set on attachment.,operational,,,,,40,INTERNAL,UNMASKED,LOW,,,,,,,,Y,,,,7
framework_v1,P0,DRAFT,framework v1,<module>,<module>,Classifier,Profile Attachments,entity.field,<module>.<module>_node_classifier_profile_attachment.profile_id,<module>_node_classifier_profile_attachment,profile_id,UUIDv4,,No,No,No,classifier_profile.id (soft FK),,idx_profile_attach_profile,,,,,,,tenant-scoped,prf-uuid-0001,,,,The profile being attached.,FK to <module>_classifier_profile.id. ON DELETE RESTRICT (cannot delete profile with active attachments).,Strong reference — profile must continue to exist while attached.,No,,,,NOT NULL. FK. ON DELETE RESTRICT.,,Profile picker.,operational,,,,,40,INTERNAL,UNMASKED,LOW,,,,,,,,Y,,,,7
framework_v1,P0,DRAFT,framework v1,<module>,<module>,Classifier,Profile Attachments,entity.field,<module>.<module>_node_classifier_profile_attachment.scope_hint,<module>_node_classifier_profile_attachment,scope_hint,VARCHAR,20,No,No,No,,"CHECK (scope_hint IN ('self','subtree'))",,,,,,,,tenant-scoped,subtree,,,,Inheritance scope for this attachment. Overrides profile.scope_default.,No FK.,Per-attachment override of the profile's default inheritance behaviour. Set once at attachment time; persists.,No,,,,NOT NULL. CHECK enum. Defaults to profile.scope_default at attachment time.,,Radio: 'Just this node' / 'This node and all descendants'.,operational,,,,,40,INTERNAL,UNMASKED,LOW,,,,,,,,Y,,,,7
framework_v1,P0,DRAFT,framework v1,<module>,<module>,Classifier,Profile Attachments,entity.field,<module>.<module>_node_classifier_profile_attachment.calculation_overrides,<module>_node_classifier_profile_attachment,calculation_overrides,JSONB,,No,No,Yes,,,,,,,,,,tenant-scoped,"NULL (v2) or {""cls-uuid-rag"":""calc-uuid-financial-health""} (v3)",,,,"Map of {classifier_id: calculation_id}. Each calculation_id is a soft FK to the Calc Engine. Overrides the policy's default_calculation_id for classifiers in this profile, scoped to this attachment's subtree. The PM's lever for project-specific calculation selection. NULL = use policy defaults.",JSONB carrying soft FKs to classifier IDs and Calc Engine calculation IDs.,Schema slot for the §16.5 resolution (Calc Engine resolution). PMs pick which calculation applies within their project subtree without authoring new calculations or modifying tenant defaults. JSONB rather than a junction entity because the override set is typically small (one or two computed classifiers per profile) and read together as a unit.,No,,,,"NULL allowed. JSON object. v2: always NULL. v3: app validates each key is a classifier_id in this profile, each value is a Calc Engine calculation_id whose output matches the classifier (via Calc Engine coherence API).",,v2: not surfaced. v3: per-classifier calculation picker within the attachment editor (driven by Calc Engine).,operational,,,,,40,INTERNAL,UNMASKED,LOW,,,,,,,,Y,,,,7
framework_v1,P0,DRAFT,framework v1,<module>,<module>,Classifier,Profile Attachments,entity.field,<module>.<module>_node_classifier_profile_attachment.applied_by,<module>_node_classifier_profile_attachment,applied_by,UUIDv4,,No,No,No,authentication.principals.id,,,,,,,,,tenant-scoped,pr_ayodh_001,,,,Principal who attached the profile.,FK to authentication.principals.id.,Captures attribution for audit. Surfaced in the modal's profile context strip ('applied by Ayodh on Apr 1').,No,,,,NOT NULL. FK.,,Set on attachment.,operational,,,,,40,INTERNAL,UNMASKED,LOW,,,,,,,,Y,,,,7
framework_v1,P0,DRAFT,framework v1,<module>,<module>,Classifier,Profile Attachments,entity.field,<module>.<module>_node_classifier_profile_attachment.applied_at,<module>_node_classifier_profile_attachment,applied_at,TIMESTAMPTZ,,No,No,No,,,,,,,,,now(),tenant-scoped,2026-01-15T09:00:00Z,,,,When the profile was attached.,No FK.,Pairs with applied_by for full attribution.,No,,,,NOT NULL DEFAULT now(). Immutable.,,Read-only.,operational,,,,,40,INTERNAL,UNMASKED,LOW,,,,,,,,Y,,,,7
framework_v1,P0,DRAFT,framework v1,<module>,<module>,Classifier,Profile Attachments,entity.field,<module>.<module>_node_classifier_profile_attachment.is_active,<module>_node_classifier_profile_attachment,is_active,BOOLEAN,,No,No,No,,,,,,,,,TRUE,tenant-scoped,TRUE,,,,"Soft-retire. When FALSE, attachment is ignored by scope resolution.",No FK.,Soft-delete preserves history of past attachments.,No,,,,NOT NULL DEFAULT TRUE.,,Toggle.,operational,,,,,40,INTERNAL,UNMASKED,LOW,,,,,,,,Y,,,,7
framework_v1,P0,DRAFT,framework v1,<module>,<module>,Classifier,Profile Attachments,entity.field,<module>.<module>_node_classifier_profile_attachment.created_at,<module>_node_classifier_profile_attachment,created_at,TIMESTAMPTZ,,No,No,No,,,,,,,,,now(),tenant-scoped,2026-01-15T09:00:00Z,,,,Creation timestamp.,Denormalised from audit_events.,Denormalised audit timestamp. Authoritative source is audit_events.,Yes,Set to now() on INSERT.,Record creation.,,NOT NULL DEFAULT now(). Immutable after creation.,,Read-only. Displayed as creation date.,operational,,,,,40,INTERNAL,UNMASKED,LOW,,,,,,,,Y,,,,7
framework_v1,P0,DRAFT,framework v1,<module>,<module>,Classifier,Profile Attachments,entity.field,<module>.<module>_node_classifier_profile_attachment.created_by,<module>_node_classifier_profile_attachment,created_by,UUIDv4,,No,No,Yes,authentication.principals.id,,,,,,,,,tenant-scoped,pr_system_001,,,,Creator principal.,FK to authentication.principals.id. SYSTEM principal for seed rows.,Denormalised audit principal. Nullable for bootstrap/seed rows.,Yes,Set to acting principal_id on INSERT.,Record creation.,,FK to authentication.principals.id. NULL allowed for bootstrap rows. Immutable.,,Read-only. Displayed as 'Created by' with principal display_name.,operational,,,,,40,INTERNAL,UNMASKED,LOW,,,,,,,,Y,,,,7
framework_v1,P0,DRAFT,framework v1,<module>,<module>,Classifier,Profile Attachments,entity.field,<module>.<module>_node_classifier_profile_attachment.updated_at,<module>_node_classifier_profile_attachment,updated_at,TIMESTAMPTZ,,No,No,Yes,,,,,,,,,,tenant-scoped,2026-03-10T14:30:00Z,,,,Last modified.,Denormalised from audit_events.,Denormalised audit timestamp. NULL on initial creation.,Yes,Set to now() on every UPDATE.,Any record modification.,,NULL allowed. Set via trigger or application on UPDATE.,,Read-only. Displayed as 'Last modified'.,operational,,,,,40,INTERNAL,UNMASKED,LOW,,,,,,,,Y,,,,7
framework_v1,,,,,,,,,,,,,,,,,,,,,,,,,,,,,,,,,,,,,,,,,,,,,,,,,,,,,,,,,,,,,
framework_v1,P0,DRAFT,framework v1,classifier-service,classifier-service,Classifier,Definition History,entity.field,classifier-service.classifier_history.id,classifier_history,id,UUIDv4,,Yes,Yes,No,,,PRIMARY,,,,,,gen_random_uuid(),tenant-scoped,his-uuid-0001,,,,Primary key.,Not referenced as FK (append-only — nothing references history).,UUIDv4 PK.,No,,,,"PK, NOT NULL.",,Read-only.,operational,,,,,40,INTERNAL,UNMASKED,LOW,,,,,,,,Y,,,,9
framework_v1,P0,DRAFT,framework v1,classifier-service,classifier-service,Classifier,Definition History,entity.field,classifier-service.classifier_history.classifier_id,classifier_history,classifier_id,UUIDv4,,No,No,No,FK > classifier.id CASCADE,,idx_classifier_history_classifier,,,,,,gen_random_uuid(),tenant-scoped,his-uuid-0001,,,,Primary key.,Not referenced as FK (append-only — nothing references history).,UUIDv4 PK.,No,,,,"PK, NOT NULL.",,Read-only.,operational,,,,,40,INTERNAL,UNMASKED,LOW,,,,,,,,Y,,,,9
framework_v1,P0,DRAFT,framework v1,classifier-service,classifier-service,Classifier,Definition History,entity.field,classifier-service.classifier_history.operation,classifier_history,operation,VARCHAR,32,No,No,No,,"CHECK (operation IN ('created','activated','retired','renamed','reordered','value_added','value_retired','value_edited','policy_edit','constraint_added','constraint_removed'))",idx_classifier_history_occurred,,,,,,gen_random_uuid(),tenant-scoped,his-uuid-0001,,,,Primary key.,Not referenced as FK (append-only — nothing references history).,UUIDv4 PK.,No,,,,"PK, NOT NULL.",,Read-only.,operational,,,,,40,INTERNAL,UNMASKED,LOW,,,,,,,,Y,,,,9
framework_v1,P0,DRAFT,framework v1,classifier-service,classifier-service,Classifier,Definition History,entity.field,classifier-service.classifier_history.occurred_at,classifier_history,occurred_at,TIMESTAMPTZ,,No,No,No,,,idx_classifier_history_occurred,,,,,,gen_random_uuid(),tenant-scoped,his-uuid-0001,,,,Primary key.,Not referenced as FK (append-only — nothing references history).,UUIDv4 PK.,No,,,,"PK, NOT NULL.",,Read-only.,operational,,,,,40,INTERNAL,UNMASKED,LOW,,,,,,,,Y,,,,9
framework_v1,P0,DRAFT,framework v1,classifier-service,classifier-service,Classifier,Definition History,entity.field,classifier-service.classifier_history.occurred_by,classifier_history,occurred_by,UUIDv4,,No,No,No,soft FK > principal.id,,,,,,,,gen_random_uuid(),tenant-scoped,his-uuid-0001,,,,Primary key.,Not referenced as FK (append-only — nothing references history).,UUIDv4 PK.,No,,,,"PK, NOT NULL.",,Read-only.,operational,,,,,40,INTERNAL,UNMASKED,LOW,,,,,,,,Y,,,,9
framework_v1,P0,DRAFT,framework v1,classifier-service,classifier-service,Classifier,Definition History,entity.field,classifier-service.classifier_history.summary,classifier_history,summary,VARCHAR,200,No,No,No,,,,,,,,,gen_random_uuid(),tenant-scoped,his-uuid-0001,,,,Primary key.,Not referenced as FK (append-only — nothing references history).,UUIDv4 PK.,No,,,,"PK, NOT NULL.",,Read-only.,operational,,,,,40,INTERNAL,UNMASKED,LOW,,,,,,,,Y,,,,9
framework_v1,P0,DRAFT,framework v1,classifier-service,classifier-service,Classifier,Definition History,entity.field,classifier-service.classifier_history.detail,classifier_history,detail,TEXT,,No,No,Yes,,,,,,,,,gen_random_uuid(),tenant-scoped,his-uuid-0001,,,,Primary key.,Not referenced as FK (append-only — nothing references history).,UUIDv4 PK.,No,,,,"PK, NOT NULL.",,Read-only.,operational,,,,,40,INTERNAL,UNMASKED,LOW,,,,,,,,Y,,,,9
framework_v1,P0,DRAFT,framework v1,classifier-service,classifier-service,Classifier,Definition History,entity.field,classifier-service.classifier_history.payload,classifier_history,payload,JSONB,,No,No,Yes,,,,,,,,,gen_random_uuid(),tenant-scoped,his-uuid-0001,,,,Primary key.,Not referenced as FK (append-only — nothing references history).,UUIDv4 PK.,No,,,,"PK, NOT NULL.",,Read-only.,operational,,,,,40,INTERNAL,UNMASKED,LOW,,,,,,,,Y,,,,9
framework_v1,P0,DRAFT,framework v1,classifier-service,classifier-service,Classifier,Definition History,entity.field,classifier-service.classifier_history.created_at,classifier_history,created_at,TIMESTAMPTZ,,No,No,No,,,,,,,,,gen_random_uuid(),tenant-scoped,his-uuid-0001,,,,Primary key.,Not referenced as FK (append-only — nothing references history).,UUIDv4 PK.,No,,,,"PK, NOT NULL.",,Read-only.,operational,,,,,40,INTERNAL,UNMASKED,LOW,,,,,,,,Y,,,,9
framework_v1,P0,DRAFT,framework v1,classifier-service,classifier-service,Classifier,Definition History,entity.field,classifier-service.classifier_history.created_by,classifier_history,created_by,UUIDv4,,No,No,No,soft FK > principal.id,,,,,,,,gen_random_uuid(),tenant-scoped,his-uuid-0001,,,,Primary key.,Not referenced as FK (append-only — nothing references history).,UUIDv4 PK.,No,,,,"PK, NOT NULL.",,Read-only.,operational,,,,,40,INTERNAL,UNMASKED,LOW,,,,,,,,Y,,,,9
framework_v1,P0,DRAFT,framework v1,classifier-service,classifier-service,Classifier,Definition History,entity.field,classifier-service.classifier_history.updated_at,classifier_history,updated_at,TIMESTAMPTZ,,No,No,No,,,,,,,,,gen_random_uuid(),tenant-scoped,his-uuid-0001,,,,Primary key.,Not referenced as FK (append-only — nothing references history).,UUIDv4 PK.,No,,,,"PK, NOT NULL.",,Read-only.,operational,,,,,40,INTERNAL,UNMASKED,LOW,,,,,,,,Y,,,,9
framework_v1,P0,DRAFT,framework v1,classifier-service,classifier-service,Classifier,Definition History,entity.field,classifier-service.classifier_history.updated_by,classifier_history,updated_by,UUIDv4,,No,No,No,soft FK > principal.id,,,,,,,,gen_random_uuid(),tenant-scoped,his-uuid-0001,,,,Primary key.,Not referenced as FK (append-only — nothing references history).,UUIDv4 PK.,No,,,,"PK, NOT NULL.",,Read-only.,operational,,,,,40,INTERNAL,UNMASKED,LOW,,,,,,,,Y,,,,9
framework_v1,P0,DRAFT,framework v1,classifier-service,classifier-service,Classifier,Profile History,entity,classifier-service.classifier_profile_history,classifier_profile_history,classifier_profile_history,,,,,,,,,,,,,,,tenant-scoped,,,,,"NEW. Append-only audit shadow. Captures ASSIGN, UNASSIGN, REASSIGN events. Written when modal closes per Policy D (one event per classifier that changed during the session). 15 native fields. Reason field captures governance text for requires_reason_on_change classifiers.",,,No,,,,,,,operational,,,,,40,CONFIDENTIAL,MASK_FULL,HIGH,,,Y,Y,Y,,,Y,,,,9
framework_v1,P0,DRAFT,framework v1,classifier-service,classifier-service,Classifier,Profile History,entity.field,classifier-service.classifier_profile_history.id,classifier_profile_history,id,UUIDv4,,Yes,Yes,No,,,PRIMARY,,,,,,gen_random_uuid(),tenant-scoped,his-uuid-0001,,,,Primary key.,Not referenced as FK (append-only — nothing references history).,UUIDv4 PK.,No,,,,"PK, NOT NULL.",,Read-only.,operational,,,,,40,INTERNAL,UNMASKED,LOW,,,,,,,,Y,,,,9
framework_v1,P0,DRAFT,framework v1,classifier-service,classifier-service,Classifier,Profile History,entity.field,classifier-service.classifier_profile_history.profile_id,classifier_profile_history,profile_id,UUIDv4,,No,No,No,FK > classifier_profile.id CASCADE,,idx_classifier_profile_history_profile,,,,,,gen_random_uuid(),tenant-scoped,his-uuid-0001,,,,Primary key.,Not referenced as FK (append-only — nothing references history).,UUIDv4 PK.,No,,,,"PK, NOT NULL.",,Read-only.,operational,,,,,40,INTERNAL,UNMASKED,LOW,,,,,,,,Y,,,,9
framework_v1,P0,DRAFT,framework v1,classifier-service,classifier-service,Classifier,Profile History,entity.field,classifier-service.classifier_profile_history.operation,classifier_profile_history,operation,VARCHAR,32,No,No,No,,"CHECK (operation IN ('created','activated','retired','renamed','reordered','member_added','member_removed','member_edited','scope_changed','attached','detached'))",idx_classifier_profile_history_occurred,,,,,,gen_random_uuid(),tenant-scoped,his-uuid-0001,,,,Primary key.,Not referenced as FK (append-only — nothing references history).,UUIDv4 PK.,No,,,,"PK, NOT NULL.",,Read-only.,operational,,,,,40,INTERNAL,UNMASKED,LOW,,,,,,,,Y,,,,9
framework_v1,P0,DRAFT,framework v1,classifier-service,classifier-service,Classifier,Profile History,entity.field,classifier-service.classifier_profile_history.occurred_at,classifier_profile_history,occurred_at,TIMESTAMPTZ,,No,No,No,,,idx_classifier_profile_history_occurred,,,,,,gen_random_uuid(),tenant-scoped,his-uuid-0001,,,,Primary key.,Not referenced as FK (append-only — nothing references history).,UUIDv4 PK.,No,,,,"PK, NOT NULL.",,Read-only.,operational,,,,,40,INTERNAL,UNMASKED,LOW,,,,,,,,Y,,,,9
framework_v1,P0,DRAFT,framework v1,classifier-service,classifier-service,Classifier,Profile History,entity.field,classifier-service.classifier_profile_history.occurred_by,classifier_profile_history,occurred_by,UUIDv4,,No,No,No,soft FK > principal.id,,,,,,,,gen_random_uuid(),tenant-scoped,his-uuid-0001,,,,Primary key.,Not referenced as FK (append-only — nothing references history).,UUIDv4 PK.,No,,,,"PK, NOT NULL.",,Read-only.,operational,,,,,40,INTERNAL,UNMASKED,LOW,,,,,,,,Y,,,,9
framework_v1,P0,DRAFT,framework v1,classifier-service,classifier-service,Classifier,Profile History,entity.field,classifier-service.classifier_profile_history.summary,classifier_profile_history,summary,VARCHAR,200,No,No,No,,,,,,,,,gen_random_uuid(),tenant-scoped,his-uuid-0001,,,,Primary key.,Not referenced as FK (append-only — nothing references history).,UUIDv4 PK.,No,,,,"PK, NOT NULL.",,Read-only.,operational,,,,,40,INTERNAL,UNMASKED,LOW,,,,,,,,Y,,,,9
framework_v1,P0,DRAFT,framework v1,classifier-service,classifier-service,Classifier,Profile History,entity.field,classifier-service.classifier_profile_history.detail,classifier_profile_history,detail,TEXT,,No,No,Yes,,,,,,,,,gen_random_uuid(),tenant-scoped,his-uuid-0001,,,,Primary key.,Not referenced as FK (append-only — nothing references history).,UUIDv4 PK.,No,,,,"PK, NOT NULL.",,Read-only.,operational,,,,,40,INTERNAL,UNMASKED,LOW,,,,,,,,Y,,,,9
framework_v1,P0,DRAFT,framework v1,classifier-service,classifier-service,Classifier,Profile History,entity.field,classifier-service.classifier_profile_history.payload,classifier_profile_history,payload,JSONB,,No,No,Yes,,,,,,,,,gen_random_uuid(),tenant-scoped,his-uuid-0001,,,,Primary key.,Not referenced as FK (append-only — nothing references history).,UUIDv4 PK.,No,,,,"PK, NOT NULL.",,Read-only.,operational,,,,,40,INTERNAL,UNMASKED,LOW,,,,,,,,Y,,,,9
framework_v1,P0,DRAFT,framework v1,classifier-service,classifier-service,Classifier,Profile History,entity.field,classifier-service.classifier_profile_history.created_at,classifier_profile_history,created_at,TIMESTAMPTZ,,No,No,No,,,,,,,,,gen_random_uuid(),tenant-scoped,his-uuid-0001,,,,Primary key.,Not referenced as FK (append-only — nothing references history).,UUIDv4 PK.,No,,,,"PK, NOT NULL.",,Read-only.,operational,,,,,40,INTERNAL,UNMASKED,LOW,,,,,,,,Y,,,,9
framework_v1,P0,DRAFT,framework v1,classifier-service,classifier-service,Classifier,Profile History,entity.field,classifier-service.classifier_profile_history.created_by,classifier_profile_history,created_by,UUIDv4,,No,No,No,soft FK > principal.id,,,,,,,,gen_random_uuid(),tenant-scoped,his-uuid-0001,,,,Primary key.,Not referenced as FK (append-only — nothing references history).,UUIDv4 PK.,No,,,,"PK, NOT NULL.",,Read-only.,operational,,,,,40,INTERNAL,UNMASKED,LOW,,,,,,,,Y,,,,9
framework_v1,P0,DRAFT,framework v1,classifier-service,classifier-service,Classifier,Profile History,entity.field,classifier-service.classifier_profile_history.updated_at,classifier_profile_history,updated_at,TIMESTAMPTZ,,No,No,No,,,,,,,,,gen_random_uuid(),tenant-scoped,his-uuid-0001,,,,Primary key.,Not referenced as FK (append-only — nothing references history).,UUIDv4 PK.,No,,,,"PK, NOT NULL.",,Read-only.,operational,,,,,40,INTERNAL,UNMASKED,LOW,,,,,,,,Y,,,,9
framework_v1,P0,DRAFT,framework v1,classifier-service,classifier-service,Classifier,Profile History,entity.field,classifier-service.classifier_profile_history.updated_by,classifier_profile_history,updated_by,UUIDv4,,No,No,No,soft FK > principal.id,,,,,,,,gen_random_uuid(),tenant-scoped,his-uuid-0001,,,,Primary key.,Not referenced as FK (append-only — nothing references history).,UUIDv4 PK.,No,,,,"PK, NOT NULL.",,Read-only.,operational,,,,,40,INTERNAL,UNMASKED,LOW,,,,,,,,Y,,,,9
framework_v1,,,,,,,,,,,,,,,,,,,,,,,,,,,,,,,,,,,,,,,,,,,,,,,,,,,,,,,,,,,,,
?  ASSIGNMENT LAYER — actual labelling,,,,,,,,,,,,,,,,,,,,,,,,,,,,,,,,,,,,,,,,,,,,,,,,,,,,,,,,,,,,,
framework_v1,P0,DRAFT,framework v1,<module>,<module>,Classifier,Assignments,entity,<module>.<module>_node_classifier_assignment,<module>_node_classifier_assignment,<module>_node_classifier_assignment,,,,,,,,,,,,,,,tenant-scoped,,,,,UPDATED. The hot table — current value assignments on nodes. NO temporal fields (effective_from/to/is_active removed per framework v1). Denormalised classifier_id with CHECK coherence.,,,No,,,,,,,operational,,,,,40,CONFIDENTIAL,MASK_FULL,HIGH,,,Y,Y,Y,,,Y,,,,8
framework_v1,P0,DRAFT,framework v1,<module>,<module>,Classifier,Assignments,entity.field,<module>.<module>_node_classifier_assignment.id,<module>_node_classifier_assignment,id,UUIDv4,,Yes,Yes,No,,,,,,,,,gen_random_uuid(),tenant-scoped,asn-uuid-0001,,,,Primary key.,Referenced as FK by node_classifier_assignment_history.original_assignment_id (NULLable on UNASSIGN).,UUIDv4 PK.,No,,,,"PK, NOT NULL.",,Read-only.,operational,,,,,40,INTERNAL,UNMASKED,LOW,,,,,,,,Y,,,,8
framework_v1,P0,DRAFT,framework v1,<module>,<module>,Classifier,Assignments,entity.field,<module>.<module>_node_classifier_assignment.assignee_node_id,<module>_node_classifier_assignment,assignee_node_id,UUIDv4,,No,No,No,<module>.node.id,,idx_assignment_node,,,,,,,tenant-scoped,node-uuid-feat-201,,,,The node carrying this assignment. The hot query path: 'all classifiers on this node'.,FK to module's node table. ON DELETE CASCADE.,Indexed for fast 'all classifiers on this node' lookup.,No,,,,"NOT NULL. FK. ON DELETE CASCADE. Index (assignee_node_id, classifier_id).",,System-set.,operational,,,,,40,CONFIDENTIAL,MASK_FULL,HIGH,,,,,,,,Y,,,,8
framework_v1,P0,DRAFT,framework v1,<module>,<module>,Classifier,Assignments,entity.field,<module>.<module>_node_classifier_assignment.classifier_id,<module>_node_classifier_assignment,classifier_id,UUIDv4,,No,No,No,classifier.id (soft FK),CHECK coherence: classifier_id = classifier_value.classifier_id for this row's classifier_value_id,idx_assignment_classifier,,,,,,,tenant-scoped,cls-uuid-priority,,,,Denormalised from classifier_value.classifier_id. Avoids JOIN on the hot UI query.,FK to <module>_classifier.id. Denormalised — must match the value's parent classifier (CHECK constraint).,Small write cost (set both classifier_id and classifier_value_id atomically) for big read benefit (no JOIN per row in tree view).,No,,,,NOT NULL. FK. Application must set both classifier_id and classifier_value_id atomically. DB CHECK enforces coherence.,,System-set.,operational,,,,,40,INTERNAL,UNMASKED,LOW,,,,,,,,Y,,,,8
framework_v1,P0,DRAFT,framework v1,<module>,<module>,Classifier,Assignments,entity.field,<module>.<module>_node_classifier_assignment.classifier_value_id,<module>_node_classifier_assignment,classifier_value_id,UUIDv4,,No,No,No,classifier_value.id (soft FK),,,,,,,,,tenant-scoped,val-uuid-high,,,,The assigned value.,FK to <module>_classifier_value.id.,The actual value being assigned.,No,,,,NOT NULL. FK.,,Value picker constrained to classifier_id's values.,operational,,,,,40,INTERNAL,UNMASKED,LOW,,,,,,,,Y,,,,8
framework_v1,P0,DRAFT,framework v1,<module>,<module>,Classifier,Assignments,entity.field,<module>.<module>_node_classifier_assignment.assigned_by,<module>_node_classifier_assignment,assigned_by,UUIDv4,,No,No,No,authentication.principals.id,,,,,,,,,tenant-scoped,pr_ayodh_001,,,,Principal who made the assignment. User-facing attribution shown as 'by Raj' in the panel.,FK to authentication.principals.id.,User-facing attribution. Distinct from audit columns which are for system traceability.,No,,,,NOT NULL. FK.,,Set on assignment.,operational,,,,,40,INTERNAL,UNMASKED,LOW,,,,,,,,Y,,,,8
framework_v1,P0,DRAFT,framework v1,<module>,<module>,Classifier,Assignments,entity.field,<module>.<module>_node_classifier_assignment.assigned_at,<module>_node_classifier_assignment,assigned_at,TIMESTAMPTZ,,No,No,No,,,,,,,,,now(),tenant-scoped,2026-02-05T10:30:00Z,,,,When the assignment was made.,No FK.,Pairs with assigned_by for user-facing attribution.,No,,,,NOT NULL DEFAULT now(). Immutable.,,Read-only.,operational,,,,,40,INTERNAL,UNMASKED,LOW,,,,,,,,Y,,,,8
framework_v1,P0,DRAFT,framework v1,<module>,<module>,Classifier,Assignments,entity.field,<module>.<module>_node_classifier_assignment.assignment_method,<module>_node_classifier_assignment,assignment_method,VARCHAR,30,No,No,No,,"CHECK IN ('manual','computed','suggested_accepted','suggested_overridden')",,,,,,,'manual',tenant-scoped,manual,,,,How this assignment was determined. v2 always 'manual'. v3 supports the others.,No FK.,Captures the governance answer to 'how did this value get set?' — manual choice vs system-computed vs system-suggested-accepted vs system-suggested-overridden. The last two are kept distinct so audit queries can answer 'how often do users override the system?' without re-evaluating rules.,No,,,,NOT NULL DEFAULT 'manual'. CHECK enum. v2 every row = 'manual'.,,Read-only. Set by the system based on the assignment flow.,operational,,,,,40,INTERNAL,UNMASKED,LOW,,,,,,,,Y,,,,8
framework_v1,P0,DRAFT,framework v1,<module>,<module>,Classifier,Assignments,entity.field,<module>.<module>_node_classifier_assignment.calculation_id,<module>_node_classifier_assignment,calculation_id,UUIDv4,,No,No,Yes,"Calc Engine: calculation.id (soft FK, cross-service)",,,,,,,,,tenant-scoped,NULL (v2) or comp-uuid-financial-health (v3),,,,"Which CALCULATION (method, owned by the Calc Engine) produced this value. NULL when assignment_method='manual'.",Soft FK to Calc Engine: calculation.id (cross-service). NULL on manual assignments.,Records the governance choice — 'we ran Financial Health to get this' — distinct from which rule fired (next field). Changing the method is a different decision from changing a threshold. Soft FK to Calc Engine; classifier service stores the reference but does not own the calculation.,No,,,,NULL allowed. Soft FK to Calc Engine. Required when assignment_method != 'manual'. Coherence enforced via Calc Engine API at write time.,,v2: always NULL. v3: surfaced in modal as 'computed by [Calc Engine calculation name]'.,operational,,,,,40,INTERNAL,UNMASKED,LOW,,,,,,,,Y,,,,8
framework_v1,,,,,,,,,,,,,,,,,,,,,,,,,,,,,,,,,,,,,,,,,,,,,,,,,,,,,,,,,,,,,
framework_v1,P0,DRAFT,framework v1,<module>,<module>,Classifier,Assignments,entity.field,<module>.<module>_node_classifier_assignment.calculation_inputs,<module>_node_classifier_assignment,calculation_inputs,JSONB,,No,No,Yes,,,,,,,,,,tenant-scoped,"NULL (v2) or {""cost_variance_pct"":12.5,""budget_burn_pct"":47.0} (v3)",,,,Snapshot of input values at the moment the Calc Engine evaluated this assignment. NULL when assignment_method='manual'.,No FK. JSON object.,"Lets an audit answer 'what data did the system see?' without time-travel queries on the input sources. Captured by the classifier service from the Calc Engine's response. Combination of calculation_id, calculation_rule_id and calculation_inputs fully reproduces 'why this value'.",No,,,,NULL allowed. JSONB. Required when assignment_method != 'manual'.,,v2: always NULL. v3: structured display in audit detail.,operational,,,,,40,INTERNAL,UNMASKED,LOW,,,,,,,,Y,,,,8
framework_v1,P0,DRAFT,framework v1,<module>,<module>,Classifier,Assignments,entity.field,<module>.<module>_node_classifier_assignment.created_at,<module>_node_classifier_assignment,created_at,TIMESTAMPTZ,,No,No,No,,,,,,,,,now(),tenant-scoped,2026-01-15T09:00:00Z,,,,Creation timestamp.,Denormalised from audit_events.,Denormalised audit timestamp. Authoritative source is audit_events.,Yes,Set to now() on INSERT.,Record creation.,,NOT NULL DEFAULT now(). Immutable after creation.,,Read-only. Displayed as creation date.,operational,,,,,40,INTERNAL,UNMASKED,LOW,,,,,,,,Y,,,,8
framework_v1,P0,DRAFT,framework v1,<module>,<module>,Classifier,Assignments,entity.field,<module>.<module>_node_classifier_assignment.created_by,<module>_node_classifier_assignment,created_by,UUIDv4,,No,No,Yes,authentication.principals.id,,,,,,,,,tenant-scoped,pr_system_001,,,,Creator principal.,FK to authentication.principals.id. SYSTEM principal for seed rows.,Denormalised audit principal. Nullable for bootstrap/seed rows.,Yes,Set to acting principal_id on INSERT.,Record creation.,,FK to authentication.principals.id. NULL allowed for bootstrap rows. Immutable.,,Read-only. Displayed as 'Created by' with principal display_name.,operational,,,,,40,INTERNAL,UNMASKED,LOW,,,,,,,,Y,,,,8
framework_v1,P0,DRAFT,framework v1,<module>,<module>,Classifier,Assignments,entity.field,<module>.<module>_node_classifier_assignment.updated_at,<module>_node_classifier_assignment,updated_at,TIMESTAMPTZ,,No,No,Yes,,,,,,,,,,tenant-scoped,2026-03-10T14:30:00Z,,,,Last modified.,Denormalised from audit_events.,Denormalised audit timestamp. NULL on initial creation.,Yes,Set to now() on every UPDATE.,Any record modification.,,NULL allowed. Set via trigger or application on UPDATE.,,Read-only. Displayed as 'Last modified'.,operational,,,,,40,INTERNAL,UNMASKED,LOW,,,,,,,,Y,,,,8
framework_v1,,,,,,,,,,,,,,,,,,,,,,,,,,,,,,,,,,,,,,,,,,,,,,,,,,,,,,,,,,,,,
?  HISTORY LAYER — audit shadow,,,,,,,,,,,,,,,,,,,,,,,,,,,,,,,,,,,,,,,,,,,,,,,,,,,,,,,,,,,,,
framework_v1,P0,DRAFT,framework v1,<module>,<module>,Classifier,Assignment History,entity,<module>.<module>_node_classifier_assignment_history,<module>_node_classifier_assignment_history,<module>_node_classifier_assignment_history,,,,,,,,,,,,,,,tenant-scoped,,,,,"NEW. Append-only audit shadow. Captures ASSIGN, UNASSIGN, REASSIGN events. Written when modal closes per Policy D (one event per classifier that changed during the session). 15 native fields. Reason field captures governance text for requires_reason_on_change classifiers.",,,No,,,,,,,operational,,,,,40,CONFIDENTIAL,MASK_FULL,HIGH,,,Y,Y,Y,,,Y,,,,9
framework_v1,P0,DRAFT,framework v1,<module>,<module>,Classifier,Assignment History,entity.field,<module>.<module>_node_classifier_assignment_history.id,<module>_node_classifier_assignment_history,id,UUIDv4,,Yes,Yes,No,,,,,,,,,gen_random_uuid(),tenant-scoped,his-uuid-0001,,,,Primary key.,Not referenced as FK (append-only — nothing references history).,UUIDv4 PK.,No,,,,"PK, NOT NULL.",,Read-only.,operational,,,,,40,INTERNAL,UNMASKED,LOW,,,,,,,,Y,,,,9
framework_v1,P0,DRAFT,framework v1,<module>,<module>,Classifier,Assignment History,entity.field,<module>.<module>_node_classifier_assignment_history.original_assignment_id,<module>_node_classifier_assignment_history,original_assignment_id,UUIDv4,,No,No,Yes,<module>_node_classifier_assignment.id,,,,,,,,,tenant-scoped,asn-uuid-0001 OR NULL,,,,The assignment this history event refers to. NULLable: NULL on UNASSIGN (original was removed) and on clean ASSIGN (no prior row to reference).,FK to <module>_node_classifier_assignment.id. NULLable. NOT cascading — history persists when assignment is deleted.,Only nullable FK in the framework. History must survive its source. Hard FK constraints would require either cascading (losing history) or preventing deletes (locking the assignment table).,No,,,,NULL allowed. FK with NO CASCADE. Set on REASSIGN; NULL on ASSIGN/UNASSIGN as documented.,,System-set.,operational,,,,,40,INTERNAL,UNMASKED,LOW,,,,,,,,Y,,,,9
framework_v1,P0,DRAFT,framework v1,<module>,<module>,Classifier,Assignment History,entity.field,<module>.<module>_node_classifier_assignment_history.assignee_node_id,<module>_node_classifier_assignment_history,assignee_node_id,UUIDv4,,No,No,No,<module>.node.id,,idx_history_node,,,,,,,tenant-scoped,node-uuid-feat-201,,,,The node the event happened on. Denormalised for query speed.,FK to module's node table.,Denormalised so history can be queried without joining back through the (possibly deleted) assignment row.,No,,,,NOT NULL. FK. ON DELETE RESTRICT (history survives node deletion in most cases — TBD).,,System-set.,operational,,,,,40,CONFIDENTIAL,MASK_FULL,HIGH,,,,,,,,Y,,,,9
framework_v1,P0,DRAFT,framework v1,<module>,<module>,Classifier,Assignment History,entity.field,<module>.<module>_node_classifier_assignment_history.classifier_id,<module>_node_classifier_assignment_history,classifier_id,UUIDv4,,No,No,No,classifier.id (soft FK),,idx_history_classifier,,,,,,,tenant-scoped,cls-uuid-priority,,,,Which classifier the event was for. Denormalised.,FK to <module>_classifier.id.,Denormalised for query speed.,No,,,,NOT NULL. FK.,,System-set.,operational,,,,,40,INTERNAL,UNMASKED,LOW,,,,,,,,Y,,,,9
framework_v1,P0,DRAFT,framework v1,<module>,<module>,Classifier,Assignment History,entity.field,<module>.<module>_node_classifier_assignment_history.operation,<module>_node_classifier_assignment_history,operation,VARCHAR,20,No,No,No,,"CHECK (operation IN ('ASSIGN','UNASSIGN','REASSIGN'))",,,,,,,,tenant-scoped,REASSIGN,,,,The type of change. ASSIGN: from NULL to value. UNASSIGN: from value to NULL. REASSIGN: from value to different value.,No FK.,Three operations capture all change semantics cleanly. Cleaner than raw INSERT/UPDATE/DELETE logging because the type tells you the user intent directly.,No,,,,NOT NULL. CHECK enum. Set by application on history write.,,Read-only.,operational,,,,,40,INTERNAL,UNMASKED,LOW,,,,,,,,Y,,,,9
framework_v1,P0,DRAFT,framework v1,<module>,<module>,Classifier,Assignment History,entity.field,<module>.<module>_node_classifier_assignment_history.from_value_id,<module>_node_classifier_assignment_history,from_value_id,UUIDv4,,No,No,Yes,classifier_value.id (soft FK),"CHECK (operation='ASSIGN' AND from_value_id IS NULL) OR (operation IN ('UNASSIGN','REASSIGN') AND from_value_id IS NOT NULL)",,,,,,,,tenant-scoped,val-uuid-high (or NULL for ASSIGN),,,,The prior value. NULL for ASSIGN (no prior value); set for UNASSIGN and REASSIGN.,FK to <module>_classifier_value.id. NULLable per operation type (CHECK constraint enforces).,Pairs with to_value_id to capture the change as 'from X to Y'.,No,,,,NULL/value per operation rules. CHECK enforces coherence.,,Read-only.,operational,,,,,40,INTERNAL,UNMASKED,LOW,,,,,,,,Y,,,,9
framework_v1,P0,DRAFT,framework v1,<module>,<module>,Classifier,Assignment History,entity.field,<module>.<module>_node_classifier_assignment_history.to_value_id,<module>_node_classifier_assignment_history,to_value_id,UUIDv4,,No,No,Yes,classifier_value.id (soft FK),"CHECK (operation='UNASSIGN' AND to_value_id IS NULL) OR (operation IN ('ASSIGN','REASSIGN') AND to_value_id IS NOT NULL)",,,,,,,,tenant-scoped,val-uuid-critical (or NULL for UNASSIGN),,,,The new value. Set for ASSIGN and REASSIGN; NULL for UNASSIGN.,FK to <module>_classifier_value.id. NULLable per operation type.,Pairs with from_value_id.,No,,,,NULL/value per operation rules. CHECK enforces. Additional CHECK: from != to on REASSIGN.,,Read-only.,operational,,,,,40,INTERNAL,UNMASKED,LOW,,,,,,,,Y,,,,9
framework_v1,P0,DRAFT,framework v1,<module>,<module>,Classifier,Assignment History,entity.field,<module>.<module>_node_classifier_assignment_history.reason,<module>_node_classifier_assignment_history,reason,TEXT,500,No,No,Yes,,,,,,,,,,tenant-scoped,Severity increased after stakeholder review,,,,User-supplied or system-generated rationale. Required when the classifier's policy has requires_reason_on_change=TRUE.,No FK. Plain text.,Governance text. May contain sensitive context — treat as confidential.,No,,,,NULL allowed. Max 500. App-level enforcement: NOT NULL when classifier's policy.requires_reason_on_change=TRUE.,,Inline text field shown in modal when classifier's policy requires reason.,operational,,,,,40,CONFIDENTIAL,MASK_PARTIAL,MEDIUM,,,,,,,,Y,,,,9
framework_v1,P0,DRAFT,framework v1,<module>,<module>,Classifier,Assignment History,entity.field,<module>.<module>_node_classifier_assignment_history.session_id,<module>_node_classifier_assignment_history,session_id,UUIDv4,,No,No,Yes,,,idx_history_session,,,,,,,tenant-scoped,sess-uuid-A001,,,,Optional grouping. Multiple history events from the same modal editing session share a session_id. Lets you reconstruct 'what was changed together'.,No FK — internal grouping only.,Generated fresh on each modal open. Enables session-level audit queries ('show me everything that changed in this user's editing session').,No,,,,NULL allowed. UUIDv4 generated by application on modal open.,,System-set.,operational,,,,,40,INTERNAL,UNMASKED,LOW,,,,,,,,Y,,,,9
framework_v1,P0,DRAFT,framework v1,<module>,<module>,Classifier,Assignment History,entity.field,<module>.<module>_node_classifier_assignment_history.assignment_method,<module>_node_classifier_assignment_history,assignment_method,VARCHAR,30,No,No,No,,"CHECK IN ('manual','computed','suggested_accepted','suggested_overridden')",,,,,,,'manual',tenant-scoped,manual,,,,Mirrors assignment.assignment_method at the moment of the change. v2 always 'manual'.,No FK.,Captured at history-write time so audits answer 'how was this value determined' without joining the (potentially deleted) assignment row.,No,,,,NOT NULL DEFAULT 'manual'.,,System-set.,operational,,,,,40,INTERNAL,UNMASKED,LOW,,,,,,,,Y,,,,9
framework_v1,P0,DRAFT,framework v1,<module>,<module>,Classifier,Assignment History,entity.field,<module>.<module>_node_classifier_assignment_history.calculation_id,<module>_node_classifier_assignment_history,calculation_id,UUIDv4,,No,No,Yes,"Calc Engine: calculation.id (soft FK, cross-service)",,,,,,,,,tenant-scoped,NULL (v2) or comp-uuid-financial-health (v3),,,,Which calculation was applied at this moment. NULL when method='manual'.,Soft FK.,Lets audit reconstruct calculation choice over time — 'this project switched from Financial Health to Composite on March 5'.,No,,,,NULL allowed. Soft FK.,,System-set.,operational,,,,,40,INTERNAL,UNMASKED,LOW,,,,,,,,Y,,,,9
framework_v1,P0,DRAFT,framework v1,<module>,<module>,Classifier,Assignment History,entity.field,<module>.<module>_node_classifier_assignment_history.calculation_rule_id,<module>_node_classifier_assignment_history,calculation_rule_id,UUIDv4,,No,No,Yes,"Calc Engine: calculation_rule.id (soft FK, cross-service)",,,,,,,,,tenant-scoped,NULL (v2) or rule-uuid-amber-10pct (v3),,,,Which rule within the Calc Engine calculation fired at this moment.,Soft FK to Calc Engine. Coherence with calculation_id.,Captures the specific threshold/condition from the Calc Engine that produced the value at the time.,No,,,,NULL allowed. Soft FK.,,System-set.,operational,,,,,40,INTERNAL,UNMASKED,LOW,,,,,,,,Y,,,,9
framework_v1,P0,DRAFT,framework v1,<module>,<module>,Classifier,Assignment History,entity.field,<module>.<module>_node_classifier_assignment_history.calculation_inputs,<module>_node_classifier_assignment_history,calculation_inputs,JSONB,,No,No,Yes,,,,,,,,,,tenant-scoped,"NULL (v2) or {""cost_variance_pct"":12.5} (v3)",,,,Snapshot of inputs seen by the Calc Engine at evaluation time. Frozen at write time.,No FK.,The historical snapshot lets a v3+ audit answer 'what data did the engine see when it set this to Amber on March 5?' without needing time-travel on the input source tables.,No,,,,NULL allowed. JSONB.,,System-set.,operational,,,,,40,INTERNAL,UNMASKED,LOW,,,,,,,,Y,,,,9
framework_v1,P0,DRAFT,framework v1,<module>,<module>,Classifier,Assignment History,entity.field,<module>.<module>_node_classifier_assignment_history.occurred_at,<module>_node_classifier_assignment_history,occurred_at,TIMESTAMPTZ,,No,No,No,,CHECK (occurred_at <= now()),,,,,,,,tenant-scoped,2026-02-15T14:20:00Z,,,,When the change was committed to history (i.e. when the modal closed).,No FK.,"The semantic moment of the change, separate from row creation time.",No,,,,NOT NULL. Set by application on history write. CHECK not in future.,,Read-only.,operational,,,,,40,INTERNAL,UNMASKED,LOW,,,,,,,,Y,,,,9
framework_v1,P0,DRAFT,framework v1,<module>,<module>,Classifier,Assignment History,entity.field,<module>.<module>_node_classifier_assignment_history.occurred_by,<module>_node_classifier_assignment_history,occurred_by,UUIDv4,,No,No,No,authentication.principals.id,,,,,,,,,tenant-scoped,pr_ayodh_001,,,,The user whose action caused the change.,FK to authentication.principals.id.,User attribution at the semantic moment of change.,No,,,,NOT NULL. FK.,,Set by application.,operational,,,,,40,INTERNAL,UNMASKED,LOW,,,,,,,,Y,,,,9
framework_v1,P0,DRAFT,framework v1,<module>,<module>,Classifier,Assignment History,entity.field,<module>.<module>_node_classifier_assignment_history.created_at,<module>_node_classifier_assignment_history,created_at,TIMESTAMPTZ,,No,No,No,,,,,,,,,now(),tenant-scoped,2026-01-15T09:00:00Z,,,,Creation timestamp.,Denormalised from audit_events.,Denormalised audit timestamp. Authoritative source is audit_events.,Yes,Set to now() on INSERT.,Record creation.,,NOT NULL DEFAULT now(). Immutable after creation.,,Read-only. Displayed as creation date.,operational,,,,,40,INTERNAL,UNMASKED,LOW,,,,,,,,Y,,,,9
framework_v1,P0,DRAFT,framework v1,<module>,<module>,Classifier,Assignment History,entity.field,<module>.<module>_node_classifier_assignment_history.created_by,<module>_node_classifier_assignment_history,created_by,UUIDv4,,No,No,Yes,authentication.principals.id,,,,,,,,,tenant-scoped,pr_system_001,,,,Creator principal.,FK to authentication.principals.id. SYSTEM principal for seed rows.,Denormalised audit principal. Nullable for bootstrap/seed rows.,Yes,Set to acting principal_id on INSERT.,Record creation.,,FK to authentication.principals.id. NULL allowed for bootstrap rows. Immutable.,,Read-only. Displayed as 'Created by' with principal display_name.,operational,,,,,40,INTERNAL,UNMASKED,LOW,,,,,,,,Y,,,,9
framework_v1,P0,DRAFT,framework v1,<module>,<module>,Classifier,Assignment History,entity.field,<module>.<module>_node_classifier_assignment_history.updated_at,<module>_node_classifier_assignment_history,updated_at,TIMESTAMPTZ,,No,No,Yes,,,,,,,,,,tenant-scoped,2026-03-10T14:30:00Z,,,,Last modified.,Denormalised from audit_events.,Denormalised audit timestamp. NULL on initial creation.,Yes,Set to now() on every UPDATE.,Any record modification.,,NULL allowed. Set via trigger or application on UPDATE.,,Read-only. Displayed as 'Last modified'.,operational,,,,,40,INTERNAL,UNMASKED,LOW,,,,,,,,Y,,,,9
framework_v1,,,,,,,,,,,,,,,,,,,,,,,,,,,,,,,,,,,,,,,,,,,,,,,,,,,,,,,,,,,,,
?  LOOKUP — referenced by policy,,,,,,,,,,,,,,,,,,,,,,,,,,,,,,,,,,,,,,,,,,,,,,,,,,,,,,,,,,,,,
framework_v1,P0,DRAFT,framework v1,<module>,<module>,Classifier,Selection Mode Lookup,entity,<module>.classifier_selection_mode,classifier_selection_mode,classifier_selection_mode,,,,,,,,,,,,,,,tenant-scoped,,,,,"Lookup for selection modes. Three platform-seeded rows (SINGLE_SELECT, MULTIPLE_SELECT, HIERARCHICAL). Referenced by classifier_value_policy.selection_mode_id.",,,No,,,,,,,operational,,,,,40,CONFIDENTIAL,MASK_FULL,HIGH,,,Y,Y,Y,,,Y,,,,10
framework_v1,P0,DRAFT,framework v1,<module>,<module>,Classifier,Selection Mode Lookup,entity.field,<module>.classifier_selection_mode.id,classifier_selection_mode,id,UUIDv4,,Yes,Yes,No,,,,,,,,,gen_random_uuid(),tenant-scoped,sm-uuid-single,,,,Primary key.,Referenced as FK by classifier_value_policy.selection_mode_id.,UUIDv4 PK.,No,,,,"PK, NOT NULL.",,Read-only.,operational,,,,,40,INTERNAL,UNMASKED,LOW,,,,,,,,Y,,,,10
framework_v1,P0,DRAFT,framework v1,<module>,<module>,Classifier,Selection Mode Lookup,entity.field,<module>.classifier_selection_mode.company_id,classifier_selection_mode,company_id,UUIDv4,,No,No,Yes,company.company.id,,,,,,,,,tenant-scoped,NULL (platform-seeded),,,,Always NULL for platform-seeded modes. Reserved for tenant-custom modes in v2+.,FK to company.company.id. NULLable.,Reserves capability for tenant-defined modes without v1 schema commitment. Currently always NULL.,No,,,,NULL allowed. FK.,,Read-only — all v1 rows NULL.,operational,,,,,40,INTERNAL,UNMASKED,LOW,,,,,,,,Y,,,,10
framework_v1,P0,DRAFT,framework v1,<module>,<module>,Classifier,Selection Mode Lookup,entity.field,<module>.classifier_selection_mode.code,classifier_selection_mode,code,VARCHAR,50,No,Yes,No,,,,UNIQUE(code),,,,,,tenant-scoped,SINGLE_SELECT,,,,"Machine-readable code. One of SINGLE_SELECT, MULTIPLE_SELECT, HIERARCHICAL.",No FK. Used as natural key in seed scripts.,Stable code referenced by application logic for selection-mode-specific behaviour.,No,,,,NOT NULL. UNIQUE. UPPER_SNAKE_CASE.,,Read-only.,operational,,,,,40,INTERNAL,UNMASKED,LOW,,,,,,,,Y,,,,10
framework_v1,P0,DRAFT,framework v1,<module>,<module>,Classifier,Selection Mode Lookup,entity.field,<module>.classifier_selection_mode.name,classifier_selection_mode,name,VARCHAR,100,No,No,No,,,,,,,,,,tenant-scoped,Single Select,,,,Display name.,No FK.,Human-readable label.,No,,,,NOT NULL. Max 100.,,Read-only.,operational,,,,,40,INTERNAL,UNMASKED,LOW,,,,,,,,Y,,,,10
framework_v1,P0,DRAFT,framework v1,<module>,<module>,Classifier,Selection Mode Lookup,entity.field,<module>.classifier_selection_mode.description,classifier_selection_mode,description,TEXT,300,No,No,Yes,,,,,,,,,,tenant-scoped,Exactly one value can be assigned at a time. New assignment replaces the existing one.,,,,Description of the mode's behaviour.,No FK.,Helps admin UI explain modes to users configuring classifiers.,No,,,,NULL allowed. Max 300.,,Read-only.,operational,,,,,40,INTERNAL,UNMASKED,LOW,,,,,,,,Y,,,,10
framework_v1,P0,DRAFT,framework v1,<module>,<module>,Classifier,Selection Mode Lookup,entity.field,<module>.classifier_selection_mode.allows_multiple,classifier_selection_mode,allows_multiple,BOOLEAN,,No,No,No,,,,,,,,,,tenant-scoped,FALSE (for SINGLE) or TRUE (for MULTIPLE/HIERARCHICAL),,,,Denormalised flag: can this mode accept multiple values? Application uses this for fast 'is this multi?' checks without string-matching the code.,No FK. Read by application logic.,Earns the lookup table's keep. Inline CHECK alternative would require code-matching to derive this flag every time.,No,,,,"NOT NULL. Match code semantics: SINGLE_SELECT=FALSE, others=TRUE.",,Read-only.,operational,,,,,40,INTERNAL,UNMASKED,LOW,,,,,,,,Y,,,,10
framework_v1,P0,DRAFT,framework v1,<module>,<module>,Classifier,Selection Mode Lookup,entity.field,<module>.classifier_selection_mode.is_active,classifier_selection_mode,is_active,BOOLEAN,,No,No,No,,,,,,,,,TRUE,tenant-scoped,TRUE,,,,Soft-retire flag (n/a in v1 — all modes always active).,No FK.,Reserves the flag for consistency with other entities. Lookups rarely soft-retired.,No,,,,NOT NULL DEFAULT TRUE.,,Read-only.,operational,,,,,40,INTERNAL,UNMASKED,LOW,,,,,,,,Y,,,,10
framework_v1,P0,DRAFT,framework v1,<module>,<module>,Classifier,Selection Mode Lookup,entity.field,<module>.classifier_selection_mode.created_at,classifier_selection_mode,created_at,TIMESTAMPTZ,,No,No,No,,,,,,,,,now(),tenant-scoped,2026-01-15T09:00:00Z,,,,Creation timestamp.,Denormalised from audit_events.,Denormalised audit timestamp. Authoritative source is audit_events.,Yes,Set to now() on INSERT.,Record creation.,,NOT NULL DEFAULT now(). Immutable after creation.,,Read-only. Displayed as creation date.,operational,,,,,40,INTERNAL,UNMASKED,LOW,,,,,,,,Y,,,,10
framework_v1,P0,DRAFT,framework v1,<module>,<module>,Classifier,Selection Mode Lookup,entity.field,<module>.classifier_selection_mode.created_by,classifier_selection_mode,created_by,UUIDv4,,No,No,Yes,authentication.principals.id,,,,,,,,,tenant-scoped,pr_system_001,,,,Creator principal.,FK to authentication.principals.id. SYSTEM principal for seed rows.,Denormalised audit principal. Nullable for bootstrap/seed rows.,Yes,Set to acting principal_id on INSERT.,Record creation.,,FK to authentication.principals.id. NULL allowed for bootstrap rows. Immutable.,,Read-only. Displayed as 'Created by' with principal display_name.,operational,,,,,40,INTERNAL,UNMASKED,LOW,,,,,,,,Y,,,,10
framework_v1,P0,DRAFT,framework v1,<module>,<module>,Classifier,Selection Mode Lookup,entity.field,<module>.classifier_selection_mode.updated_at,classifier_selection_mode,updated_at,TIMESTAMPTZ,,No,No,Yes,,,,,,,,,,tenant-scoped,2026-03-10T14:30:00Z,,,,Last modified.,Denormalised from audit_events.,Denormalised audit timestamp. NULL on initial creation.,Yes,Set to now() on every UPDATE.,Any record modification.,,NULL allowed. Set via trigger or application on UPDATE.,,Read-only. Displayed as 'Last modified'.,operational,,,,,40,INTERNAL,UNMASKED,LOW,,,,,,,,Y,,,,10
framework_v1,P0,DRAFT,framework v1,<module>,<module>,Classifier,Selection Mode Lookup,entity.field,<module>.classifier_selection_mode.updated_by,classifier_selection_mode,updated_by,UUIDv4,,No,No,Yes,authentication.principals.id,,,,,,,,,tenant-scoped,pr_admin_001,,,,Last modifier.,FK to authentication.principals.id. May be SYSTEM or admin.,Denormalised audit principal. NULL when no update has occurred.,Yes,Set to acting principal_id on every UPDATE.,Any record modification.,,FK to authentication.principals.id. NULL allowed. Set on UPDATE.,,Read-only. Displayed as 'Modified by' with principal display_name.,operational,,,,,40,INTERNAL,UNMASKED,LOW,,,,,,,,Y,,,,10
